di,car_id
17,0
21,112
21,1497
20,1955
16,2435
19,3640
20,4405
16,4960
14,5319
20,5487
18,6042
17,7227
14,7647
19,7657
20,8366
21,10613
21,12883
18,13347
17,14175
21,15324
20,16214
21,17054
15,18588
15,19847
14,1
15,1736
10,1782
9,2666
13,4702
6,6438
11,7938
10,10366
8,11243
7,11854
14,12266
11,13466
9,16503
9,16627
12,18501
14,19507
22,2
21,2568
18,7072
23,8033
23,8539
24,9913
22,9942
24,15192
26,17090
23,17532
21,18279
26,3
30,1441
27,5610
25,8502
24,8884
31,8889
30,11394
31,12887
30,13315
26,15728
27,16211
29,17142
24,17909
40,748
37,1339
37,1344
37,4469
39,6992
40,9009
40,9084
35,10612
41,11551
38,11849
42,13494
40,13909
40,14434
36,19247
40,19548
18,5
22,282
17,1303
20,1564
18,1744
18,3354
20,4792
20,5833
18,7071
20,7212
25,7263
21,7628
17,11062
22,11191
22,11838
17,13193
20,14472
18,15593
17,17180
21,19029
18,744
11,1080
13,3821
17,5029
15,5173
16,6116
15,6789
15,7014
14,7045
14,7790
15,8287
14,9358
15,11989
14,12247
13,13068
14,13731
16,14692
16,14806
17,15199
15,17498
15,18260
14,18953
34,7
33,1200
35,1557
34,1817
33,3082
33,6427
33,6925
32,6968
36,9564
34,10157
34,12115
34,18005
33,18448
29,18497
32,19619
24,4476
26,5808
23,6535
24,7808
26,8365
21,8459
23,8715
24,13338
26,13708
25,15493
21,15760
25,17764
32,9
32,2506
35,7488
32,7984
30,9978
29,11098
28,11819
32,12046
34,12077
32,12946
28,13405
30,14255
26,16298
22,10
19,1315
17,3313
21,4067
17,4303
23,4500
22,5657
19,6304
19,7259
23,7769
23,7930
22,8563
19,9173
20,9866
15,13223
16,13226
19,15960
19,16670
19,18736
20,19721
21,143
21,464
24,1654
24,1741
21,2257
23,2394
23,2797
23,7789
22,8223
26,11336
19,16069
23,17179
21,17250
30,546
28,4988
28,7303
28,7871
27,8415
29,10976
28,12016
28,12316
31,13722
33,14230
33,16202
29,17555
29,17716
33,18656
21,13
26,648
24,1932
28,1952
23,2431
26,2741
24,4741
26,10042
20,10287
24,10528
23,11181
26,11226
25,11767
26,13598
26,15328
24,15409
23,15607
24,17229
21,17648
25,19313
24,19749
25,784
23,1133
25,4580
25,5802
24,6018
23,6877
22,9525
25,9871
26,12481
25,14756
26,18924
18,15
16,1111
18,2466
20,2493
22,3447
22,4474
16,5859
17,6394
19,6709
18,6848
19,6917
15,8700
17,9558
21,9782
21,11615
18,13674
23,16132
21,16731
16,17271
21,19017
21,19552
27,16
29,913
23,1889
26,3458
23,4432
26,4994
22,7650
27,8262
25,8762
28,9692
22,10900
24,12270
29,12322
21,12430
24,12596
25,13864
23,14981
25,16218
23,19975
24,186
28,919
23,1232
24,1970
24,2166
26,2590
22,8505
24,8647
26,12393
20,12965
25,13129
21,13990
23,15202
26,17820
25,18774
24,19403
28,19773
19,18
19,342
16,639
18,2109
20,3161
20,5907
13,6549
18,6611
15,8903
17,11197
18,13994
15,14802
20,14894
20,16923
18,16932
16,17952
21,18214
18,18427
21,19373
20,19660
10,19
12,1960
11,2494
14,5021
10,6217
14,7321
13,9510
13,9684
10,9929
11,12231
11,13300
14,13593
11,14021
8,16486
14,17173
11,18284
10,19830
20,20
22,135
20,1011
25,1131
22,2656
19,3603
19,3669
25,4652
22,7961
21,8528
20,8879
22,9934
20,10267
19,12932
19,14496
22,14969
20,19088
25,21
26,149
26,2556
30,2698
24,6167
26,6393
32,6777
25,8753
29,8827
26,11516
25,11787
31,12263
27,12901
28,13041
28,13925
30,14118
23,14383
31,16192
27,17643
23,22
22,1520
23,2687
25,2869
24,3726
26,4123
22,4532
26,5196
23,7190
23,8824
22,8946
24,9151
22,9805
21,10865
24,12511
28,12608
27,13579
24,14822
21,17776
26,19420
17,23
13,1665
15,2401
16,4178
15,4734
16,6193
11,6700
17,8403
18,11610
14,12504
16,13350
15,15679
12,16616
13,19295
27,24
31,215
28,2836
26,3070
24,3461
29,7216
26,7964
24,9544
24,12646
26,12890
27,16962
30,17674
25,17777
31,19098
14,122
17,132
14,391
13,1041
10,2980
13,3375
15,7391
13,7746
16,8705
17,8802
15,10884
15,11392
16,16766
15,17550
17,19446
27,26
26,974
26,2525
26,2548
28,2799
29,3310
26,3331
26,3365
24,3523
25,4172
25,4902
24,5075
25,5872
25,5908
26,6814
23,7917
28,8126
29,8963
24,9083
25,19591
28,27
31,964
27,1090
30,3408
27,5651
26,6558
25,6988
30,7098
26,9465
26,10216
28,10221
25,10733
28,10763
25,12124
28,13548
27,14109
25,14176
31,14198
29,17504
24,17691
32,18514
31,19199
27,19230
26,19629
26,28
26,1375
22,3700
22,4955
26,5761
24,8770
25,9900
23,11344
23,11903
28,13503
25,14538
23,15511
25,19302
25,29
21,1029
20,3200
22,8607
18,10033
20,11238
19,14488
23,15698
24,18754
16,30
15,740
16,2723
14,2894
18,3150
14,3674
14,5225
18,5268
15,9438
17,9883
17,10912
13,11672
17,12468
16,13542
17,14660
15,14812
17,15869
20,16712
15,18574
27,3532
26,4601
26,6352
31,6528
31,7819
28,8364
32,8596
26,11096
32,12446
28,12647
31,15530
27,16231
27,16235
30,16989
31,17601
29,17886
23,32
23,1432
24,4251
22,6154
25,7448
22,11562
26,14684
27,15564
24,19868
15,33
17,1635
12,1769
15,2102
14,2107
12,2514
17,3487
16,5306
17,6448
17,7319
16,8080
15,9328
18,11154
14,11375
15,11468
14,12067
16,13098
18,16566
13,19109
14,19808
20,1923
26,6254
25,10211
18,10228
26,10507
20,11657
21,13207
22,19814
24,35
29,357
28,626
27,985
28,2373
25,3490
23,3813
27,6749
24,7723
28,11945
24,12328
27,12727
29,12777
25,15067
26,16526
27,17047
27,17120
26,17182
27,19342
29,19597
27,19765
21,36
19,5640
17,7936
15,9062
17,9560
16,10489
20,11587
19,11621
16,11875
21,12171
15,16076
16,16267
21,19861
18,1031
20,1351
21,3634
20,4733
22,5587
19,5884
18,7655
19,8680
22,8750
18,10716
20,11460
18,12216
19,13662
21,16216
22,16345
24,16882
20,17939
19,18859
22,19707
21,19816
28,38
27,551
25,1118
28,1862
30,5365
28,7174
30,7286
29,7532
27,8136
27,8451
29,9094
27,9321
31,9947
31,10009
32,13610
28,13816
28,14353
26,18703
29,18860
27,19421
30,19547
28,19622
20,1355
18,1568
22,2223
21,4562
23,6022
24,6863
19,7334
17,9327
20,10750
17,12412
20,13294
23,14343
25,16038
24,16654
20,16747
21,18361
19,18951
20,19965
27,41
27,898
27,1406
22,2696
25,2887
24,3533
25,4239
25,4372
23,5960
26,7519
22,8040
25,9536
24,12529
24,13472
27,15044
27,15266
26,15291
24,18845
26,19111
25,109
22,3768
25,3945
23,5843
27,8342
25,9615
26,10176
24,10364
25,11142
25,11189
24,13889
26,14161
27,14520
25,14606
25,15416
23,15431
28,15616
26,17297
27,19043
28,19176
24,19776
27,19888
15,43
14,74
14,1734
16,7412
20,8670
16,9129
19,9166
16,9316
20,11900
19,13482
18,14504
20,14814
19,15690
14,17978
36,44
34,1170
32,5958
36,6301
33,7048
33,9630
36,10116
36,10457
34,11589
32,11932
31,12636
35,12713
29,13732
32,16247
32,16779
33,17286
35,19453
20,45
22,233
21,1086
21,4055
21,4290
21,6515
21,7008
21,7349
24,8420
21,9216
20,11723
19,12008
23,13204
23,19228
30,46
33,650
31,3357
32,3510
29,4173
28,4189
32,6671
29,8344
30,8853
34,9774
32,9926
32,12230
31,12630
29,12949
30,14335
34,14479
28,14861
32,16136
32,17140
26,1476
27,3312
28,3795
24,5060
28,9857
24,10573
22,10947
28,12979
26,13427
26,14536
26,48
27,368
27,1065
26,2186
25,3499
28,3763
29,5205
29,7188
26,7833
24,8143
23,11592
29,12111
27,12524
27,13984
29,15507
28,16330
31,19008
8,49
10,882
16,1095
13,3519
14,4624
10,4754
12,5679
11,7146
10,9024
10,10724
13,10755
11,10783
10,11393
13,12311
13,13718
13,14568
10,15288
11,15441
13,17072
16,17175
12,17823
11,19143
29,50
31,145
31,1228
27,1699
28,2351
31,2516
33,3538
29,4889
29,5705
31,5998
27,7249
27,10158
34,10989
33,11000
30,11541
28,12225
33,12315
31,13974
31,15567
31,18402
26,51
24,2010
26,2647
29,2670
26,5666
25,5846
27,7054
25,7211
22,7830
25,8421
29,10253
22,10497
25,10579
27,15925
29,16514
27,17248
26,18364
25,18647
27,19426
28,19954
19,52
21,1492
16,1713
16,1737
14,1848
15,3171
16,3383
16,3397
18,3607
19,6649
14,7074
13,7355
18,9227
16,10309
13,10981
19,11316
13,12032
20,12895
16,14008
14,17649
21,1141
24,1162
18,2352
17,3997
19,4717
19,5347
18,6128
20,6269
22,7265
18,7824
21,9847
22,12826
17,12971
22,13147
20,13167
21,15356
23,15964
23,16845
19,17802
23,17881
22,18900
26,54
27,933
29,1059
28,2299
28,4353
31,6204
30,6867
26,8084
29,8674
27,9011
29,9512
25,9586
32,10317
30,10428
30,10986
26,11179
27,11920
31,12611
29,15143
28,16043
27,18887
28,19365
26,19985
24,903
26,7161
26,8132
30,8627
29,8763
22,8785
29,9786
25,10077
28,10717
30,11016
24,12602
28,12778
25,13271
28,14995
27,17910
29,18237
26,56
26,484
24,1555
23,2152
25,4901
22,5326
21,7807
22,8001
26,9250
22,10367
24,10699
23,10729
23,12076
24,13122
22,14101
22,15213
21,16131
22,16978
22,18146
24,19586
24,19786
28,57
24,308
24,1129
23,3324
28,4284
29,5215
26,6212
24,7576
23,7953
25,8727
25,9023
24,9500
26,10155
25,13343
25,14149
22,15462
25,15897
23,16657
25,16915
25,17622
28,58
24,163
25,165
25,188
27,427
28,3147
31,3745
27,4864
26,5423
30,5506
28,7022
27,7793
31,12546
29,15909
28,15956
31,16453
24,452
27,1391
30,2595
29,3223
27,3967
24,5172
22,6801
25,8096
28,11988
24,13102
28,15944
25,17350
25,17763
25,18323
26,19187
28,19469
19,60
18,3471
16,3761
20,4187
16,4506
20,4775
22,4777
20,5443
22,5539
19,10708
21,11725
20,12615
18,13192
22,14315
17,14450
21,18176
22,18233
21,19513
30,61
28,2651
28,3823
28,3871
26,4213
29,6152
24,8359
29,11701
29,12920
26,14548
27,17121
28,18441
29,18756
18,2757
17,3108
20,4011
21,4393
20,6134
19,6579
24,6817
21,8673
18,8692
19,11908
17,12072
22,14054
21,18154
19,63
26,1148
23,2535
25,3450
22,4015
20,4771
18,6178
22,7472
21,9307
20,12073
19,12122
24,12267
21,12601
23,15470
25,15951
24,16930
19,17451
25,18299
22,18992
17,64
25,341
24,3378
20,4708
23,5762
21,9008
19,10030
24,11633
18,12242
21,13313
23,14257
21,15652
23,16368
24,16447
23,19793
24,1006
21,1120
26,1662
28,1924
25,1944
25,2658
27,4333
25,5672
25,11901
23,13582
26,13668
27,17336
24,18065
25,18632
19,155
21,2654
21,3405
20,3696
21,3842
20,4680
21,5744
23,10955
16,15702
19,16937
19,18068
19,18829
28,1643
30,2850
31,5107
27,5129
32,5491
31,5550
30,5642
32,7761
30,9294
28,9541
27,10598
32,10711
32,10862
27,11254
32,11756
30,12847
30,13228
29,13991
32,14454
29,18655
26,19756
27,19807
18,68
22,1322
18,2253
21,2881
19,5894
18,6887
19,11178
17,12618
20,12930
19,13433
18,15498
16,16268
18,17108
16,18320
19,18456
22,18807
17,2924
19,3053
16,3422
15,6937
15,7007
16,8302
18,8741
18,10867
18,11408
19,11904
21,14411
16,16148
14,16477
22,17061
16,18355
14,19214
27,70
30,1305
27,1562
28,4556
27,6045
31,7182
26,7740
29,10408
24,15289
33,15800
28,16698
28,18338
25,19634
20,3131
24,4125
19,7753
18,8740
22,8831
19,8975
18,9657
23,11090
18,11385
20,12475
21,16567
19,19646
17,19948
17,1801
22,2196
19,4088
20,4763
18,5286
14,14897
18,15601
20,16638
21,17361
18,17836
19,2125
26,3452
26,4794
20,4822
22,5429
21,6804
21,8182
23,10275
22,11168
25,12785
23,13464
20,17081
25,19717
25,75
25,1281
24,3632
22,3893
27,4722
26,5131
29,5409
27,5869
27,7317
28,7994
25,8189
24,8618
23,12521
27,13009
26,13112
28,14690
23,15735
23,19859
29,2354
30,3849
29,4346
32,4791
27,5100
27,6174
28,7325
30,10020
32,11525
27,14881
30,16261
26,19812
20,598
13,733
18,1884
17,4628
16,6145
19,6221
13,7574
15,9392
17,9453
16,9766
18,11403
21,12191
20,13810
13,15268
15,17558
18,18548
21,19935
25,78
27,943
26,2183
21,2328
24,2683
27,2862
25,3236
23,4273
24,4815
24,7293
22,11826
22,12656
21,14007
25,15780
21,15932
23,16260
25,16595
22,16773
23,17152
22,18092
24,18382
24,19802
11,79
11,6009
11,6519
9,7049
14,7858
8,8141
9,10297
7,13559
7,14168
11,15589
7,16501
10,17807
8,19118
31,80
30,272
30,683
31,3120
29,3536
27,5126
30,5671
30,7315
28,7614
30,8293
29,8945
29,10685
31,10852
27,11848
30,12094
30,12410
29,13931
29,14529
28,15196
29,16797
29,18127
34,18190
31,18246
32,19361
32,19951
25,2094
21,3179
26,3545
22,3775
20,4548
25,7114
21,7213
20,8260
22,10582
22,12090
25,12129
24,16249
22,16325
21,18966
23,19823
20,1524
21,1825
23,4375
20,6253
20,8604
22,9461
20,15759
21,15787
21,16036
20,19013
21,409
23,2117
25,2472
21,2532
20,3256
19,3441
21,4047
22,6527
25,9755
22,10760
20,13162
23,13242
24,14130
23,16396
20,84
22,96
25,1387
25,2830
20,4308
23,5210
17,5301
22,5512
25,6078
24,7342
22,8042
23,9030
22,9325
22,10940
22,12179
20,12519
20,16510
21,17824
24,18579
27,19560
37,85
40,292
38,698
36,1633
34,3853
36,4373
38,5066
40,8007
35,14031
34,16001
41,16012
37,16895
33,16958
36,18239
38,19659
28,86
28,277
27,2679
33,3219
28,4223
26,4714
27,6071
28,6466
29,6496
27,8450
26,9068
32,10509
26,10951
31,12343
29,13437
30,13659
30,14285
30,15077
29,17284
21,87
18,184
20,1384
21,2360
20,3779
21,4908
19,6739
21,7814
21,8951
19,9667
20,9919
21,10046
22,12156
22,16170
22,19182
23,19478
18,19510
22,19898
19,19927
28,924
28,4207
27,6926
27,7039
29,12269
24,13561
28,15257
30,16763
30,17617
29,19541
20,89
19,153
17,1396
18,2250
21,3412
13,5378
14,6273
17,9401
15,9607
19,10461
18,12622
19,12692
16,14223
19,14329
18,15358
17,18940
19,19520
28,1444
27,1531
26,2491
27,5056
28,6109
26,10577
24,10835
24,13569
25,14889
26,17086
28,18368
29,19370
28,19581
9,91
14,1784
6,2717
12,4084
11,4106
8,5099
12,5284
12,5906
9,5941
12,6476
9,7409
13,8821
9,11877
10,12091
8,15879
10,16027
12,17049
10,18541
7,19314
11,19460
10,19770
12,19804
23,1057
27,2452
28,2689
28,2853
25,2861
27,8313
26,8786
26,11298
25,15131
25,16338
23,19224
26,19511
24,19916
24,93
28,768
29,2312
26,2529
28,3336
24,4608
29,5243
28,8081
28,9907
23,11180
25,11447
26,11960
23,13060
23,13109
24,13421
25,14324
23,14499
29,14622
29,15236
26,16556
24,16618
23,17915
29,18862
23,19068
24,19393
28,94
31,1079
28,2043
26,2191
28,2200
26,3380
29,3785
29,5139
26,6965
29,7981
28,8067
28,8128
30,11775
29,14380
25,18471
25,18695
30,97
27,755
29,1349
28,4126
33,4226
31,5792
28,8228
30,11351
31,11558
28,11630
31,13217
33,14313
29,14465
32,16367
29,16397
30,17746
33,19503
32,19920
16,98
18,1671
15,2342
16,2517
13,3762
18,5552
18,6445
16,7171
15,7971
14,9100
17,9214
15,11034
20,12284
18,12671
19,14886
18,15099
16,16297
19,16617
17,16972
19,17326
17,19493
22,1839
19,2665
18,3828
21,4948
19,6158
23,7453
20,8443
19,8990
20,9396
21,11188
22,13231
18,13792
21,14477
18,15692
19,16659
17,16876
19,19628
20,19865
18,19999
30,912
29,1912
30,2022
32,3954
30,4006
34,6125
26,9232
29,10698
34,11066
29,13795
28,14909
28,17051
33,17743
30,19926
10,467
10,2139
13,5180
13,6139
16,6581
14,6876
14,7260
12,8186
12,8426
12,9785
18,11390
15,12101
14,12264
12,12831
14,12991
16,14668
16,17452
8,19922
25,102
27,4171
27,4507
31,6954
31,6957
30,8323
29,9257
27,9838
31,10180
30,11087
32,12063
31,15240
27,15781
30,16145
26,17507
25,18842
24,19882
14,103
15,142
14,471
16,1538
13,3238
16,5360
14,6622
15,10633
13,11760
16,14390
20,14503
14,18495
17,105
12,670
13,2045
10,2227
12,2343
13,5659
16,6077
14,7882
12,7883
16,9661
13,10726
17,10927
16,15033
18,15065
17,15861
14,17197
18,17699
19,18883
15,18989
20,507
18,1049
22,3111
22,5140
14,6609
23,9707
20,12479
21,13148
15,14085
19,15525
19,15974
21,16110
19,17357
29,107
30,1393
31,1885
29,2424
31,2537
34,4065
29,5984
34,6507
30,6717
31,7011
31,9571
30,10467
29,11210
31,14160
31,16580
32,17307
33,17633
13,838
13,878
15,1607
14,3612
17,4335
11,4865
13,6920
16,8385
13,9734
14,9842
14,10388
15,10948
14,12870
9,13332
13,13817
14,14366
15,14654
12,16475
10,17153
14,17246
12,17705
12,19789
19,111
18,226
18,839
21,1464
19,3552
17,3747
21,3947
20,4349
21,4511
19,5120
20,6446
15,9609
20,11553
22,12292
19,12981
22,13478
19,16728
21,18420
19,113
20,1245
18,3551
21,6023
20,11038
18,15340
16,16537
18,19736
21,114
18,513
24,2515
20,3786
22,8032
16,9286
20,10405
23,10483
20,10798
23,12497
19,15381
20,15768
20,17536
20,17672
19,19042
19,19354
22,115
24,386
23,727
23,2197
24,4689
23,5600
22,6281
25,7578
22,7785
28,9391
24,10303
24,10841
24,11230
21,12003
28,13010
26,13954
22,14441
25,14852
26,16703
27,18085
27,18907
22,18947
23,676
18,1785
17,1920
18,3804
20,4209
21,7003
19,7618
21,8636
22,10294
24,12300
23,12769
23,13107
23,13224
21,13500
23,15221
23,15279
23,15704
19,15965
30,117
26,199
26,236
32,1324
30,2219
27,5931
31,6160
28,7455
34,10215
32,12217
31,13021
32,13450
31,14651
31,15041
34,16193
30,17683
27,18642
20,1038
20,1509
23,3030
20,4194
18,5370
21,6303
24,7351
21,9664
23,9760
17,11739
20,12167
20,12568
19,12698
23,14040
22,14331
22,14519
21,14846
22,15216
23,15406
17,18100
22,19594
19,19636
20,19879
27,119
23,128
26,2271
22,8490
24,8734
23,10298
21,10718
27,10931
28,12144
24,12648
23,13570
25,14014
23,14630
24,16366
23,17185
24,19957
30,120
31,150
29,311
30,2671
28,2682
28,3308
29,3861
31,5067
26,8817
27,10458
32,12413
27,12540
28,12922
25,13838
30,14372
25,15374
30,16047
30,18257
28,18405
29,19475
22,3292
19,3879
19,5891
22,7805
23,8087
22,8967
17,8991
20,9420
19,9721
21,11817
16,12515
21,12748
22,12802
16,12964
22,14828
22,15661
23,16601
16,16639
18,19528
39,123
36,393
36,1553
36,3933
34,6041
34,6514
35,6754
34,6923
37,9130
35,13408
35,15035
40,17224
34,17323
39,18817
36,19345
40,19380
23,124
22,564
23,2072
24,3754
21,6768
21,7345
21,9334
24,9851
27,10385
25,10681
22,11498
22,12391
26,12581
24,13163
24,13621
25,13632
24,13677
21,14005
21,14248
22,15527
26,18822
22,19127
20,19324
23,126
21,5253
22,5691
23,7046
23,7935
21,9385
23,10875
21,13139
24,13730
26,15559
22,15595
20,16446
18,18421
22,19293
23,19754
20,2059
23,3307
25,3749
25,4633
27,4862
25,7254
20,8704
27,9591
25,9678
25,11456
24,12024
25,17612
22,17890
25,18117
17,2086
17,2855
20,3844
17,5605
20,6736
17,11467
17,12882
20,14360
17,15745
21,15911
21,16596
20,16676
21,18251
22,18958
22,19658
21,130
21,252
22,1985
24,2025
22,2155
20,2721
20,3440
24,5611
21,6484
24,7258
20,9027
22,10101
24,10194
24,12426
21,15947
23,17308
21,19690
23,19936
18,849
15,1929
15,2438
19,3963
19,4100
16,4479
13,5825
16,9458
20,12044
15,14592
16,14644
18,17239
18,17481
14,17591
16,18145
16,18593
23,133
22,1207
21,1574
22,1806
19,2511
22,5045
23,5052
24,5141
20,5974
20,6346
24,6543
22,6779
18,7887
21,9189
17,9624
20,9957
20,10653
18,11044
23,14726
21,15931
19,17632
24,17919
20,19722
20,959
21,2007
23,2019
23,5935
25,7722
24,8388
22,8776
23,8940
22,10032
21,10558
26,11863
20,15237
20,17139
21,19229
25,2879
25,3468
30,3836
28,4995
29,5138
28,5186
30,7297
25,8215
26,8844
29,10738
29,10968
27,12039
24,12702
26,13051
30,15902
26,16593
29,16987
31,17127
25,17521
27,18623
32,19069
30,137
33,942
34,1291
29,2758
30,5058
28,5791
32,7296
32,7427
35,12591
31,12689
33,13761
30,14553
34,16258
33,16740
29,16862
29,17770
19,2838
22,3214
14,3477
21,9041
20,9106
19,10787
16,12006
21,12626
21,13791
16,15744
22,16925
21,17227
28,2732
28,4496
25,4606
24,4810
27,5233
27,5316
24,6075
29,6189
27,6522
24,6934
29,7332
30,9361
24,9638
28,10749
26,11412
26,12767
29,17265
27,17411
27,18683
24,479
22,776
22,1835
20,2700
22,2917
23,3060
24,3196
22,6382
24,7133
25,7386
21,8682
27,11322
26,12303
22,12587
23,12806
25,13195
21,13553
22,14405
21,16553
24,17192
24,19188
23,19437
19,141
20,440
15,1282
14,2028
17,2035
19,2618
16,4471
23,5366
16,5620
20,9284
22,9876
19,11986
17,12251
19,12554
16,12958
17,18313
16,18533
20,19670
17,1014
16,2160
19,2313
19,2659
20,4403
18,6149
19,6270
16,10464
19,10549
19,12043
20,13983
18,16053
18,16344
20,18878
23,146
26,658
20,877
24,2873
25,3904
27,5382
23,6929
26,8921
25,9626
23,15042
20,17296
25,17638
23,17814
21,18152
22,19810
20,1536
21,3138
22,4616
19,4755
19,5990
17,6335
22,8000
18,8383
18,9910
24,11239
20,11866
17,12522
20,13375
19,13602
16,15246
20,17316
20,19967
27,902
26,2713
30,3159
26,4623
26,5701
25,5956
26,6542
27,7466
28,8550
26,10383
27,10440
29,10958
26,11346
27,11653
31,11808
30,13243
26,15519
26,15686
28,16642
28,17287
25,3899
31,4086
27,5488
28,5969
24,6502
28,7534
27,8515
25,8893
27,9332
29,9790
26,9918
27,10442
26,13095
30,13544
29,14177
24,17762
23,18960
20,856
25,1370
22,1778
27,1820
26,1853
23,2428
22,2766
24,3059
26,3201
20,3854
26,6942
23,6999
25,7481
21,8211
23,10138
21,11527
25,12114
23,12547
25,16909
24,18996
21,19499
20,1488
23,1864
17,3575
23,6526
22,7799
21,8790
25,9448
21,10694
18,11354
21,11597
21,12499
21,12902
21,16270
24,18202
23,1521
19,1530
22,1761
19,2248
18,2455
20,2914
26,4456
19,4872
25,5893
25,6595
24,8194
25,11294
22,11324
18,13546
23,13696
21,14501
22,15820
24,17052
23,19960
25,731
19,2361
24,4913
23,5280
25,6618
24,6983
28,8220
27,8971
20,9892
23,10448
28,11218
26,11245
24,13354
28,15535
22,15540
28,15821
22,16983
26,18489
25,19761
9,159
11,208
14,423
7,1135
12,3220
11,4140
8,7450
11,7470
13,10397
11,11469
15,13705
6,13771
12,13821
10,14449
7,14916
22,732
28,2957
28,5235
29,5483
28,6756
28,7749
26,9445
25,9523
26,12065
25,13258
27,13296
29,13835
24,14723
27,15617
27,15714
25,15812
26,16254
26,16950
23,17769
27,18581
21,161
24,4162
19,6681
20,7084
21,7918
23,8869
25,9120
21,10154
21,10578
24,12923
23,15304
25,16585
20,17384
19,17561
19,18676
17,1913
18,2005
17,4217
18,4620
14,5513
18,7434
18,9126
18,11357
15,11539
18,12378
16,12609
21,12620
16,15490
21,16097
17,16383
16,16559
19,17755
16,19083
23,796
21,2134
20,3287
19,3848
20,5224
20,5240
18,6870
24,7186
24,7493
19,9272
21,9834
16,12567
23,14116
21,14133
20,14291
21,15835
21,17291
21,17530
20,17712
23,18023
17,19872
24,166
27,2851
24,3873
29,6362
27,6450
26,6565
23,8324
25,10209
25,10462
28,13628
26,16599
24,17266
26,18112
25,18307
27,19051
22,167
25,538
17,1152
18,1614
25,3577
15,4185
21,5221
19,6183
21,6908
21,8591
23,8696
22,8928
19,12268
24,15529
19,17220
21,17317
19,17426
23,18470
19,19726
15,168
16,514
18,2298
19,2940
16,3370
16,3767
19,4420
20,4861
17,5281
15,6388
18,7210
21,7432
19,8408
19,8431
13,9112
18,9260
16,10854
19,11107
15,11450
18,12000
18,13616
15,13693
18,14093
17,14459
17,15293
14,15877
20,16835
17,16889
16,17319
20,17515
16,18985
15,19458
18,19719
28,672
25,1855
25,5813
26,6552
27,6563
27,6651
25,6839
28,9109
28,9537
23,10346
24,10431
27,12709
23,15112
25,16279
27,16727
24,19305
28,19523
28,19748
24,689
20,1618
17,1693
20,2505
16,3812
16,4753
17,5874
15,6119
20,7095
20,8294
21,8346
21,8634
20,8697
19,11026
17,11049
18,12894
20,18002
21,18292
17,19242
32,497
27,1053
24,2859
29,3583
29,8665
27,9136
29,10204
27,12861
27,14458
30,14497
15,429
15,925
18,1205
15,1678
16,2048
14,3168
14,5715
15,9387
21,9415
18,9669
22,9697
15,9794
16,11684
18,11942
20,19074
23,1270
27,1277
25,2497
30,2657
24,2777
25,3509
25,5330
25,5340
23,5593
27,5798
26,6518
26,7199
27,8892
28,9000
26,12372
27,14936
26,15012
28,16146
23,16159
28,17129
25,19854
32,1566
31,2167
31,5748
36,6961
36,11943
31,15302
31,15334
32,16562
34,17586
30,19725
23,177
20,3565
18,4134
21,4688
20,5563
21,6750
19,8061
19,9335
21,9395
23,12146
23,14682
21,15401
24,17119
18,17541
17,18311
28,178
27,361
29,548
28,659
30,1060
30,1420
28,1460
30,2990
31,3012
28,3656
27,4706
31,6763
30,8874
25,9200
30,11273
26,12221
28,12804
22,15738
28,16015
29,17011
25,17813
25,17981
27,179
30,2180
29,2316
28,3008
28,5014
29,5263
30,8078
29,8253
33,8404
28,8701
28,10159
28,10693
29,10778
30,11005
27,11079
26,11624
30,12278
30,13334
30,13423
26,15013
32,15594
28,16540
27,19934
29,180
28,4764
28,7154
28,13735
25,14942
30,16186
26,16472
28,16521
27,16924
28,17112
27,17366
25,18181
23,19449
28,181
27,1622
27,2454
28,3387
32,4271
26,4993
31,5602
31,6660
30,6684
28,6809
29,7064
30,7200
33,9249
27,11941
28,12419
26,13389
28,13623
30,13964
33,14582
30,15335
34,16326
26,17035
32,17162
27,17986
30,18763
19,2161
21,4237
19,6458
23,10255
21,11965
19,12910
22,12947
19,14189
18,14757
21,15945
22,16198
19,16395
21,17572
19,18554
20,19775
23,1609
22,2418
26,3294
26,3833
25,5729
24,6263
21,7065
27,11721
23,13809
22,15211
22,16796
28,820
32,5545
30,6939
26,6970
29,9035
29,10079
29,10529
30,10788
32,12574
28,14373
24,14625
30,15000
31,16161
28,16287
29,17604
30,18592
16,187
19,1338
17,1831
19,2118
23,2236
19,3465
20,5076
20,6242
20,6416
17,7097
19,9080
19,10580
21,10824
21,11618
21,12966
15,13751
14,13979
19,17255
20,17988
17,18621
20,797
21,1140
21,1747
22,1868
18,4847
18,4871
19,4991
18,7561
18,11279
24,11331
20,11596
22,15898
20,16439
24,191
21,1514
21,7579
21,7585
20,8195
20,8643
21,10064
22,12617
18,15940
25,19300
24,655
20,2751
22,5768
22,7160
23,7701
21,9089
20,10119
19,11642
22,13417
22,13633
21,14320
25,14414
20,15429
22,17600
20,18795
19,354
25,879
19,1015
22,1748
22,1776
20,3074
19,4732
18,5616
17,5821
23,8458
22,9582
23,10772
21,12551
21,12841
22,13075
21,15017
15,15138
19,15966
23,16311
18,17131
20,18635
20,19579
30,195
29,616
28,1249
33,1627
31,3063
27,4045
29,4276
33,7934
30,8445
32,9320
30,12452
33,13996
30,14825
32,19285
13,196
16,715
13,921
19,1278
18,9896
15,10018
12,10313
13,10587
12,10922
19,11876
16,11921
18,14066
27,465
27,923
25,2690
27,2919
23,4713
25,8654
26,9685
28,10631
24,15693
29,16004
24,17156
26,18545
28,18893
29,19022
19,198
12,498
19,503
21,1022
19,2498
15,6300
15,7411
17,7512
17,8748
17,8846
14,11242
18,11736
20,14249
15,15720
17,17630
18,18563
32,2336
31,3167
30,3254
31,4591
31,7490
28,8628
26,10168
32,11729
29,11816
31,12472
30,13729
28,14319
30,14803
28,15694
33,16351
29,16946
29,18038
25,201
19,785
23,3372
22,4517
22,4940
23,5901
24,10591
19,13178
18,14739
24,15633
26,16529
23,18670
26,1733
21,1863
20,2209
23,2611
23,3872
23,5523
23,7890
20,8093
23,9733
19,11371
19,13120
22,15185
22,15478
26,16689
24,16964
24,18285
26,18690
24,19165
21,1272
16,1439
20,2384
17,2614
15,2615
22,3692
19,5411
18,5601
22,6150
16,6727
16,7646
15,11554
18,12112
15,12776
16,16864
19,17469
24,204
28,2752
31,4971
27,5509
28,7604
29,8068
28,11751
31,12560
32,14272
30,14705
29,15632
26,17488
28,18481
24,19077
16,1496
18,1883
15,2886
14,3914
15,4114
15,6052
20,6523
13,11008
18,11380
15,13117
18,13247
15,14179
17,14937
17,14987
15,15058
12,16119
21,16291
20,16413
13,18047
16,19126
14,734
10,1352
9,3781
16,4395
13,5062
15,6434
12,6811
14,6909
15,7058
14,8554
10,9309
16,10839
16,13758
14,14308
14,14864
14,15938
10,17130
17,18567
32,4021
31,4096
33,4780
34,4916
36,5882
37,6871
36,7256
35,7425
34,7658
33,9015
28,10928
35,11985
34,12088
32,15300
31,15957
36,16793
36,18351
36,19906
10,210
14,1054
15,1062
15,1332
9,3135
10,4569
16,4830
15,4858
11,5482
14,5497
10,6327
12,6728
15,6997
16,8002
12,8288
12,10139
10,10223
12,10586
14,10917
11,11080
13,11703
11,12897
15,13337
12,19910
25,842
23,5069
28,5331
28,5682
23,6114
24,6223
23,6280
28,6503
22,7677
30,11088
29,11192
29,11591
24,17466
9,466
14,1233
12,1841
13,2662
13,2762
10,7088
14,8178
14,8513
19,9963
12,9965
17,10556
10,12957
18,15087
15,16080
16,16266
13,16550
15,16752
12,16827
16,17217
12,17349
15,19461
22,213
23,1231
16,2244
19,3000
15,5595
15,6332
22,6807
20,8312
21,8328
22,8381
20,9605
19,10585
21,10691
23,11906
20,12680
21,15121
14,15182
16,16174
18,17324
20,19070
17,19358
32,646
29,822
30,1581
29,2583
31,3641
31,5970
26,6345
27,7815
25,9045
30,10169
33,11800
30,12271
27,12570
31,12845
31,13521
30,15284
31,216
30,888
27,1602
30,2933
32,4451
31,5888
30,6074
28,6162
27,6485
29,6723
33,8214
30,8241
27,9258
28,11417
31,11632
32,12181
28,13309
28,13649
28,13891
34,16704
26,16807
31,17578
32,17856
26,18057
30,18749
27,19063
30,19356
23,218
26,2379
25,2471
28,2982
22,4231
24,6275
23,8569
25,9209
28,11975
26,12371
27,13212
27,13438
26,14046
26,15086
27,16880
27,18609
28,19995
24,219
19,656
22,2034
18,2252
21,5054
20,6084
16,6633
19,7357
24,8076
18,9670
23,11068
22,13572
20,14563
19,16690
19,18463
17,19928
18,220
18,2406
16,9811
21,11595
15,11919
16,13657
19,14763
19,14959
20,17032
19,17125
20,17906
17,17983
21,19167
17,221
17,8818
17,9233
21,11163
20,11201
16,11546
19,14275
22,14493
18,15904
17,16160
17,16985
22,18565
22,19059
17,222
20,823
20,6030
24,6467
21,7221
20,7634
22,7983
20,9545
19,10190
19,10773
23,17347
23,17945
23,19024
20,19456
20,1793
22,3002
21,3942
21,4461
19,5511
19,5730
20,6046
22,6068
23,10130
22,11329
21,12005
23,12089
19,12126
23,14169
20,14202
19,15070
21,16369
19,18781
24,18950
29,224
29,504
28,671
29,860
24,1252
27,3596
27,4527
25,4634
26,4934
26,7135
23,8212
27,8397
25,9429
30,11780
28,14464
30,18744
30,18927
30,225
30,228
31,1777
31,4228
35,5317
30,5947
33,6643
31,9370
32,11663
28,13861
30,15366
31,16735
31,16931
28,18283
32,18443
34,18626
30,18699
25,4400
26,5091
31,8155
25,9102
28,9795
30,11030
29,11092
30,13093
26,14110
28,14134
28,15267
26,15825
26,17303
28,17733
28,18116
30,18413
9,3221
9,3755
8,4570
10,4925
10,8292
8,8837
9,10019
8,13387
9,14387
9,19249
26,230
30,3975
27,6410
31,6787
30,8758
25,9634
29,11203
24,11317
30,13048
25,14204
31,17080
28,17245
12,1034
13,5010
13,6020
17,6238
14,7231
13,7708
18,7949
16,8327
14,9872
16,9917
15,10550
17,11691
19,11872
16,14858
17,15790
15,17149
12,17518
13,18589
30,234
29,3085
29,3249
26,4265
26,7529
28,10203
29,13825
30,14205
31,15687
31,16410
28,18719
27,18991
32,19119
10,237
14,1369
12,1893
11,2798
13,3393
10,4803
17,5165
19,5396
15,6547
17,8233
14,9229
9,9716
12,10725
14,11970
17,12879
14,13541
15,14797
15,15095
11,15868
13,18619
10,18869
28,1543
30,5847
28,6641
25,6994
25,7763
28,8640
25,8863
26,9584
25,9673
27,14145
29,14931
26,15342
30,15543
26,17956
25,18282
28,18696
26,18731
25,240
26,702
25,1301
26,1511
27,3245
29,3305
27,5890
29,7792
28,8332
25,8664
30,13962
26,16522
29,16569
28,17352
24,17407
21,704
17,1646
24,2157
21,2953
23,3006
22,4790
23,6266
20,9757
23,10126
22,12127
22,14554
25,15168
21,16519
21,16999
25,17320
23,17325
18,242
20,1843
20,2800
17,6795
23,7326
18,7739
17,8631
18,9101
15,9121
21,9952
17,11574
20,16941
20,17486
21,18707
15,19067
17,19278
19,243
22,1697
22,3172
24,4360
24,4399
19,4459
20,7369
23,7497
23,12017
24,12659
20,14318
21,15912
25,16372
18,18250
24,19709
30,244
31,825
28,2228
30,2661
26,4610
30,4833
29,4880
30,5857
28,5942
28,7630
31,7797
27,8890
29,9832
28,10441
28,10570
26,12069
29,13441
30,14725
29,16102
28,17116
29,17378
30,18081
35,248
36,340
29,577
30,802
31,1382
29,3234
32,3549
36,4462
36,6037
36,6290
33,6386
31,6704
33,7222
31,8577
36,8882
33,9924
31,10041
29,10236
31,10484
35,12093
32,12753
34,13407
33,13744
32,15743
35,19142
25,891
27,2765
24,8077
26,11275
28,12761
26,15784
20,19160
17,250
19,2985
16,9244
22,12513
18,16583
21,19275
27,2214
26,2284
26,2365
25,3589
24,3684
25,3830
28,4000
23,5289
23,5558
24,10199
22,11490
28,13568
28,14018
23,16478
24,16951
27,17754
26,18095
25,18785
22,19491
20,3822
21,4723
21,4776
18,5148
20,6086
17,6607
18,8789
18,9556
18,10110
17,10438
23,11768
22,12234
22,12800
18,13126
20,15400
21,17841
21,254
23,1219
23,3887
21,7606
19,9853
19,11086
23,11746
21,11937
19,13756
19,16329
23,16722
17,17330
24,17580
19,18269
31,255
32,1367
32,2681
28,5156
28,5521
31,5934
34,7783
27,8173
28,8981
33,9869
29,10432
28,10459
29,10646
28,11372
30,12382
32,12509
30,13766
29,15806
28,17665
23,289
29,910
22,1954
26,2412
24,3276
27,3419
25,3581
23,4355
27,6490
23,8663
25,8932
29,9739
30,12961
22,13589
26,13857
22,15057
23,15469
24,16720
25,19374
29,257
31,1345
28,3189
28,3297
26,5090
28,6112
31,6888
29,9791
29,10491
29,12083
26,12201
28,13106
27,13938
31,14928
27,15456
31,16195
30,16296
29,18197
31,18891
25,19610
23,625
17,3097
21,3513
19,5766
22,8720
22,10444
17,11628
20,11750
19,11810
22,11998
22,12518
20,14676
19,15657
18,19015
28,2054
24,5352
24,5461
25,10012
27,11119
29,11623
24,12001
26,13040
27,13190
28,13292
29,14620
26,16969
28,18171
23,18562
15,260
12,407
19,1692
14,2053
18,3040
12,3178
15,3433
15,3886
17,4954
17,5944
13,6299
16,7503
13,10399
13,10469
16,10926
13,13003
12,13594
10,13774
13,14409
18,16171
17,16234
18,16564
15,16984
17,17299
12,17972
17,1503
20,4694
16,6576
23,8176
20,11024
19,11183
17,11581
20,12325
19,13504
22,14247
17,14306
23,15708
17,16219
20,16647
19,19746
19,265
18,274
17,2287
19,3484
21,4110
22,4253
22,4380
18,4720
21,6336
19,7272
17,9660
20,12453
18,12703
19,13344
18,13949
19,15239
15,18289
14,266
18,314
13,1475
19,3769
17,6113
18,7524
17,7931
13,12759
15,14836
18,14850
16,14927
16,17005
15,17070
14,17354
15,18837
29,267
29,528
30,4328
32,4855
28,6349
27,6683
30,8585
32,8959
31,9528
27,11283
28,12655
34,12685
33,14367
32,14728
33,14796
31,16716
30,17309
35,17548
34,17734
34,18166
32,19269
32,19439
16,681
16,3435
18,4946
22,5776
21,6894
19,8053
20,8961
20,9341
17,9833
17,11063
18,15161
18,15685
18,17066
21,269
21,1236
20,2233
25,4049
19,5943
22,7129
22,8017
27,9006
22,9600
26,10068
21,10172
27,10870
25,11017
25,11852
24,12280
21,13355
23,14225
23,14643
24,16903
25,17811
23,17913
24,18637
21,19937
20,952
20,1194
17,1710
20,2950
19,4984
19,5404
20,7435
24,8529
16,11081
20,11999
19,12712
21,15026
22,17661
19,17710
22,19034
21,19908
13,2483
12,2878
13,5447
15,5914
19,7801
12,8806
12,9402
12,9506
12,11782
11,13047
12,17594
14,18630
29,276
29,2479
27,6180
28,6321
28,11379
28,11455
29,13056
32,14868
31,15420
27,16833
15,278
18,2039
16,2966
18,4277
17,4520
18,5166
21,6845
21,7679
18,7872
14,11262
19,16124
14,18680
13,2184
11,2429
13,4958
12,5046
14,9224
14,9530
16,10911
14,13573
12,13882
13,15532
10,16867
12,18919
15,19284
12,19400
27,280
25,1705
22,1745
23,3608
24,4352
27,4911
27,6969
27,8244
21,8251
26,8592
29,8931
23,12644
23,17033
23,18231
25,18811
22,19969
18,281
19,4972
19,8134
17,10503
19,12331
17,13043
21,13876
17,16592
18,17634
21,18430
19,19679
19,19691
21,19973
21,2814
19,3004
17,5084
17,5237
17,5604
16,6326
19,9075
20,9460
16,9738
19,10232
16,11006
16,11376
18,11429
20,12815
20,13615
19,13743
18,15015
16,15717
17,15853
19,17019
18,19096
21,284
24,9231
26,11871
24,13739
20,14666
27,14853
25,15371
23,16926
21,17241
34,285
32,380
32,398
26,1122
31,2852
29,3748
28,4584
30,5130
27,10372
31,11208
32,11692
32,13576
30,13694
30,13711
32,14572
28,16711
31,16928
29,17639
29,17903
27,18406
20,1774
20,1809
22,2095
22,7779
15,8690
22,9265
19,9336
21,10623
19,13531
18,13703
21,15096
17,15893
18,17315
17,288
19,1092
21,1657
21,4168
20,4494
18,4832
19,5394
20,8147
19,8271
16,8730
21,9292
20,9519
18,12679
20,15833
16,16837
19,19530
24,3865
24,6758
23,7126
23,7967
23,12219
23,12411
22,13645
20,15081
21,16623
25,19133
18,291
16,369
18,1674
14,1908
14,4770
14,5106
12,6483
15,6735
17,7923
12,12478
17,12893
15,14910
16,16197
13,18357
18,19884
23,293
20,297
21,5421
18,5609
19,5811
19,5853
20,8619
18,8724
20,9127
23,12321
19,13496
21,16271
21,16776
24,17658
19,18885
21,19283
20,294
19,777
21,1721
20,6562
21,7392
21,7514
19,8336
17,9103
17,10332
20,11297
18,12555
20,13044
18,13266
19,13502
20,13975
22,15646
16,15923
18,17089
19,18714
17,19514
23,863
24,2346
25,5822
23,8811
27,8860
26,10234
25,10259
26,12783
29,15261
29,15834
26,17833
29,19277
18,2902
16,4247
19,4638
16,5318
17,5807
17,6636
19,10038
15,10524
17,11700
17,12074
22,14483
18,15875
13,16445
17,17079
20,18174
20,18865
14,19082
17,19675
21,299
21,1212
24,3181
22,3266
18,7145
25,8266
25,9437
22,12222
22,12448
24,14399
19,17399
25,17462
21,17964
22,18716
24,19222
27,300
26,323
27,3760
25,3937
26,4208
29,4264
26,5017
23,6654
25,8050
27,8291
24,8645
27,8707
24,9298
24,9663
24,10568
25,12616
22,15783
27,16074
23,17258
29,17401
28,18858
26,19245
24,19639
29,301
27,403
25,1242
27,3642
26,4997
28,10029
27,11277
24,11547
28,13534
21,13733
21,14662
24,16184
26,16273
25,17141
26,17949
25,19291
23,19500
19,736
21,1645
22,4097
19,4478
16,5213
22,5886
20,7202
19,11134
21,12944
17,14307
21,14451
16,15226
21,16073
19,16401
19,17301
19,17582
20,18291
17,18539
10,303
14,1189
12,2970
11,4561
15,6534
10,7621
11,8849
13,9493
10,9967
12,11737
13,12459
14,12707
12,14264
12,15008
10,15083
15,16848
15,17420
24,305
26,2490
24,3368
26,3778
21,6414
25,7465
23,7744
22,8083
25,9447
26,10296
26,10531
26,11052
27,11466
23,11678
24,11688
25,12226
25,15412
20,17243
23,17560
22,19989
28,306
24,713
25,1673
26,2293
24,3132
22,5038
23,6267
29,6659
25,9073
27,10387
27,11503
21,13374
27,13409
28,15755
28,16966
22,18015
26,18467
25,18527
14,1399
12,2737
13,2921
18,4381
13,4756
12,5315
13,5549
17,8180
15,8862
17,9688
12,10539
14,12289
14,12525
16,14867
17,15232
14,16524
16,17538
15,17959
12,19488
30,309
28,844
30,2420
33,3702
31,9036
29,12787
29,13377
29,13380
28,19490
30,19835
25,862
23,1517
24,6479
22,6670
24,8617
27,8881
25,9804
24,10059
28,10751
26,12133
29,14022
23,16888
27,17680
23,17974
25,19253
21,312
20,3341
19,4289
20,4455
22,6499
25,6873
20,7139
22,7268
22,9816
20,10739
23,11169
21,11236
20,12187
25,12755
21,12942
18,13746
23,14096
22,14220
23,14289
21,15637
23,15949
20,16494
22,17722
29,313
25,1323
30,3311
30,3651
25,4422
27,6092
28,8086
25,8839
29,11997
29,13365
29,14157
29,15751
26,17543
26,17574
27,17965
27,19797
21,315
21,1154
18,1238
15,4146
18,4718
20,4849
18,5087
23,8484
21,8834
18,14102
22,14309
14,14657
22,14790
18,16050
21,19562
24,3248
26,4071
28,4424
30,5323
24,6685
30,6692
27,6922
29,7302
28,8234
25,9717
27,15795
23,18150
27,18909
21,574
16,1185
23,1844
23,4952
22,6617
19,7032
21,9119
23,12819
21,12873
19,13926
20,13980
21,15937
20,15973
22,16292
24,16707
11,663
15,2680
13,3713
14,3827
14,4048
13,4658
12,5068
12,7275
13,7837
15,8639
13,10490
15,11040
16,12742
17,12975
15,14237
15,17244
15,19549
23,1623
21,3434
26,3439
27,5171
25,6166
27,9171
23,9326
25,9814
19,10100
25,10899
24,10943
27,11465
26,12359
25,13011
25,13714
21,15323
25,16061
25,16449
26,16578
26,16734
24,18086
21,324
19,1407
23,1756
23,3322
24,3486
22,3903
24,4141
23,4842
24,4961
26,7591
27,8622
25,10039
24,12205
22,12745
20,13039
26,13299
25,14121
23,14352
22,16777
25,17402
22,18006
25,19519
20,19750
25,325
23,6432
26,8593
28,9538
27,9824
21,11898
23,11980
24,12356
26,12539
27,13229
26,13919
23,17596
22,18586
25,18948
25,326
23,425
23,2576
24,3851
24,4816
22,5158
22,6373
27,9848
24,11387
21,16781
28,17191
26,18076
24,19896
21,3921
24,5026
23,5351
23,6310
21,7444
23,8265
20,8870
21,9695
19,9937
20,10924
23,13239
21,13513
25,14530
21,15207
22,16335
20,16577
24,16604
19,17204
16,17659
23,17685
22,18442
20,19266
22,19664
24,328
21,1507
25,1987
23,4454
21,4888
24,4904
21,7968
24,11164
26,11726
17,13555
24,14627
23,16056
18,16761
22,17819
29,330
30,3032
31,3114
28,4818
33,4856
26,5540
26,6021
27,6232
28,7670
29,8247
30,9966
27,9996
29,11133
31,11435
29,11644
29,13907
29,15068
29,15367
29,16221
26,17975
27,331
28,904
30,1275
24,2728
25,3018
25,3550
23,4108
24,4361
28,4641
26,5116
23,5996
26,7339
25,8205
28,9290
25,10171
24,10465
25,11341
25,11790
26,11971
29,12398
23,13026
23,13240
25,13684
26,14447
28,16916
27,18668
23,19627
20,332
23,818
22,1516
24,2989
27,3303
24,4696
27,5375
26,7678
24,8013
22,8461
20,9207
23,13087
28,15851
26,17235
25,17835
25,17855
27,18011
21,18225
19,18871
25,333
27,2044
20,2937
25,4236
25,4307
20,4481
28,4598
27,5922
25,7104
24,8221
24,8282
25,11761
27,14943
24,17097
27,18850
27,459
21,1726
26,1916
27,2042
24,2340
26,3263
24,3676
29,4999
28,6061
27,8041
22,9087
24,10703
28,11217
27,11747
28,13367
24,13965
23,15597
27,15763
24,17285
27,17593
29,18638
26,18778
31,442
32,2908
32,5255
33,6721
29,6770
29,8642
33,10021
33,11048
32,11122
32,15761
31,16887
32,17037
31,17645
34,18347
30,3753
27,4145
28,4224
29,4249
26,4603
27,7172
30,7487
27,9061
30,10145
27,10790
26,11328
25,12119
23,12607
24,12768
25,15298
25,15742
25,17808
28,18280
31,18967
17,511
20,4362
19,4536
17,5868
23,6830
20,6849
17,7059
20,13480
22,14382
17,14986
22,15666
18,16733
18,19326
19,19625
21,344
20,2338
20,3896
17,6411
17,7682
16,7958
19,12434
17,13453
17,13738
22,15907
17,17328
19,18050
19,18814
16,19078
19,2409
17,4116
23,5258
20,5841
18,7398
17,7738
17,8866
19,10663
20,11067
20,12336
20,15664
20,15970
23,16584
20,17280
22,17742
19,17899
22,348
16,2571
18,3237
24,3604
19,3946
20,3998
21,4522
19,4899
22,5208
23,5335
20,5364
18,5678
18,5779
24,6103
20,6127
16,6548
21,7903
19,8020
18,10995
21,11261
20,14013
17,16375
23,17588
24,18409
18,349
22,2564
22,4636
19,5674
23,5844
22,5930
24,7573
21,8695
26,9058
23,10510
25,10740
25,14140
20,14420
21,14608
20,17471
20,18482
20,350
22,905
22,2551
21,3971
18,4697
19,6054
20,6214
15,6625
23,8091
18,9357
21,10453
24,10769
19,11020
24,11141
20,11374
18,11545
25,12140
23,15123
20,15978
22,16571
24,19891
31,2748
24,4130
30,5267
28,6545
25,10349
33,12346
26,12737
27,13609
29,13650
31,13673
29,14106
29,15426
30,15910
28,16994
28,17528
29,17865
29,18055
27,18069
27,19262
26,19983
22,352
21,1491
20,3169
24,5835
24,9042
20,10258
23,11598
20,13116
23,13277
22,13440
23,14147
24,16718
23,17535
26,17667
19,18242
24,18261
26,18801
24,18964
23,19274
20,19657
15,554
18,2884
17,3832
17,4699
20,5528
18,7502
19,7841
17,10090
18,10673
20,11291
22,13210
22,14023
19,14964
18,17020
16,17055
20,17076
20,17635
22,18051
19,19018
20,19270
19,19569
18,19889
27,355
23,2637
25,3373
23,3444
26,3624
22,4181
24,4928
24,5348
22,6159
23,7101
22,7264
26,7575
25,8755
24,8997
27,9348
28,10525
23,13198
23,15504
23,15602
26,17360
23,17727
15,356
12,858
17,1768
14,2731
15,2738
14,5121
13,5728
17,5757
13,6096
16,6111
15,7271
14,7491
18,10789
11,10826
15,14999
19,15193
13,18758
13,358
15,1239
12,5303
17,6831
19,8521
15,9598
17,12161
14,12465
14,13081
16,13140
12,13927
16,14033
13,14326
12,17706
14,17932
17,19517
23,2596
21,6803
25,7010
20,7371
21,7816
24,7902
23,8792
23,10603
25,10933
20,11153
23,12135
19,12406
20,13268
24,13656
22,15108
22,15133
25,15316
24,15621
23,15848
22,19147
22,19714
23,19735
25,19838
27,19993
23,360
21,1176
20,4504
17,5145
22,6325
22,6556
25,8723
20,10286
24,11662
20,13020
22,13721
22,14616
20,14908
22,16607
21,362
21,1905
19,5414
22,5952
22,6716
24,7704
22,8240
24,8256
23,8447
22,8904
23,8994
23,10153
24,11045
23,11050
22,13490
24,15857
25,16334
19,16940
21,17151
26,17443
24,18791
22,19189
21,363
20,1255
19,1685
21,1981
21,2910
20,5525
21,6320
18,7359
20,8117
22,8517
21,10326
22,10518
18,10806
16,11326
20,12884
19,13654
21,14994
24,851
22,1261
18,1601
23,1986
21,4136
19,4227
23,6462
21,8641
23,9434
20,10336
20,11641
24,12150
22,12846
20,14804
17,15460
20,15727
20,16006
24,17832
24,18090
23,19516
29,365
28,1032
28,3862
27,6048
24,10413
27,11439
28,12136
29,13152
31,14487
31,17190
27,18486
12,414
13,653
16,1100
15,3625
11,5160
17,5735
16,6107
12,7096
12,7304
13,8362
16,10353
15,10668
14,12495
14,13282
12,18475
9,19669
17,371
20,1526
18,1638
18,2000
19,2177
18,2192
15,5484
16,12079
19,12833
17,15312
18,16011
17,16128
17,16251
21,19349
17,19876
17,19931
23,2664
25,4614
20,6472
23,6958
22,9156
22,12535
22,13745
24,17373
24,17840
21,373
18,3067
22,3334
20,4834
24,5596
20,6006
22,11056
22,11072
19,11280
23,12223
24,13372
20,13528
23,14680
18,14687
18,14707
18,17499
23,17546
20,18337
24,375
23,578
24,4167
21,4338
28,5049
27,5530
22,6085
23,6136
23,6719
24,10089
22,10604
25,13493
24,13870
25,14004
24,16256
23,18738
20,18933
27,19467
32,376
27,1073
28,2105
25,2815
30,3247
31,3480
31,4681
24,5354
30,5410
23,6598
28,7695
27,9915
28,10083
30,15613
30,17341
28,19909
23,379
23,3176
23,3286
20,3343
23,4457
27,4766
20,5275
26,5707
26,6034
28,7417
27,10393
27,12849
21,13062
21,16066
25,18046
24,18212
22,18397
24,18493
21,18868
17,1321
18,1605
24,1973
18,2364
20,2531
22,3241
18,6827
18,7945
17,9134
17,12296
19,12850
19,13135
21,14973
18,16107
21,16508
21,16897
19,18428
22,382
23,840
20,1274
23,1872
24,2492
25,2896
19,4059
21,5631
22,6533
26,8944
19,10137
23,11014
25,13128
21,14323
24,17798
21,18804
19,18805
21,19949
20,531
20,9628
18,9939
16,10257
18,11647
21,12169
18,12467
20,14138
17,14933
16,17126
26,384
28,3655
28,5419
26,6928
28,7346
26,8158
27,9644
24,10188
27,10456
25,10722
28,10861
27,14057
25,14244
25,15056
24,16847
25,17406
23,17812
27,17924
27,18506
25,18686
21,19025
24,19422
25,19571
27,19716
18,561
18,1127
14,5992
17,6508
17,6862
17,6949
12,7000
14,7085
11,8300
13,8561
14,9364
18,9514
14,9578
20,10174
14,11290
21,12350
14,14077
19,15078
16,16464
15,17465
16,18001
20,19827
29,2701
29,6366
26,6566
28,8799
26,10624
29,12061
28,12394
27,14139
27,14495
26,14953
28,15010
26,17879
26,18248
26,18792
12,388
14,848
14,4336
18,9803
12,9880
10,10212
17,10450
13,11015
13,11407
14,12488
10,14074
18,14633
9,15476
13,16168
13,17128
14,17779
13,19652
12,19774
24,850
22,1619
18,5006
21,6433
24,7068
24,8297
19,9718
25,10516
23,13014
19,13831
25,14117
22,15918
22,17226
20,17954
24,19054
20,19372
27,642
24,1206
30,2126
25,3270
23,5548
23,7069
28,7375
26,9267
23,9403
24,10478
26,11566
27,12828
27,15772
29,19171
27,19276
18,396
10,2311
16,3198
13,5074
11,5427
11,6316
15,7689
12,12330
14,12813
18,13647
16,16504
14,18036
17,18398
10,19994
25,397
31,1033
27,1192
31,1426
28,1675
29,1958
28,2391
25,4852
27,5542
29,6423
26,8268
29,14292
31,17331
30,17502
30,19558
31,19845
18,399
14,1644
22,3420
19,3645
17,4120
18,5399
18,5566
19,6062
20,6268
20,6550
14,6608
20,6861
15,7899
20,7941
19,9350
15,9676
16,10632
16,13196
19,15135
16,16120
15,16341
22,16680
19,18762
16,401
14,1007
14,1787
17,1879
15,2175
15,4574
18,4583
16,4661
17,5304
16,7183
20,8545
17,8656
14,12859
18,12909
16,16051
17,18923
16,19045
14,19638
13,19986
12,402
14,7987
12,12718
15,13840
13,15801
12,16354
24,404
25,478
23,1050
23,2375
22,6638
29,6828
26,7057
25,8938
21,10182
23,13360
25,16568
24,2417
21,2743
25,3267
20,4016
20,5442
24,5455
25,5469
24,8491
25,8612
22,8966
24,10245
22,11929
28,13364
24,15055
24,19194
26,19833
12,406
14,1221
16,3154
20,4748
16,7784
15,10466
16,10820
22,11032
17,12087
16,13923
19,13978
14,14452
16,14993
14,15586
15,16945
17,17293
17,18271
14,18745
18,19383
13,2760
9,3429
11,3910
12,4992
12,5311
11,5771
8,6026
13,6137
10,8034
8,8225
8,8548
11,8767
13,9585
8,9740
15,11069
9,11755
10,13989
9,15479
24,410
22,524
21,3028
26,3184
23,3864
24,4742
27,7378
23,8772
25,11124
22,11224
23,11679
26,13032
26,15609
24,15948
25,16558
28,17605
25,18584
24,19912
27,411
28,1585
24,1621
28,2212
25,2772
27,2842
26,3107
30,3432
28,5460
28,5585
32,6972
25,11752
34,11967
28,12297
32,13524
27,13669
25,14295
30,14537
29,14665
27,14773
26,14795
29,16054
26,16791
30,18035
33,18710
26,19828
20,412
24,569
23,1401
21,2734
20,2828
22,6196
21,6225
19,6580
21,9029
20,9950
20,11605
24,11896
22,12118
23,12248
22,12705
20,14859
19,15811
22,15992
17,16626
24,18718
21,413
20,1386
26,1454
21,2871
25,2939
19,3574
26,3953
25,3994
22,4180
23,4547
19,4782
18,5195
20,5786
25,7006
20,7781
17,9938
21,10167
23,11036
23,11397
21,12440
20,13890
20,14577
22,15831
19,17621
23,19959
11,415
16,499
17,1143
15,1177
14,1613
16,2079
17,4192
14,7570
18,10320
14,11101
18,14569
14,18056
18,19177
17,19635
12,19855
8,417
11,950
15,1590
7,3936
8,4070
9,4433
12,4677
11,5817
7,7132
10,8653
12,9072
14,10206
13,10214
10,10901
5,11311
12,12110
7,13712
12,15927
7,18426
25,1158
24,1287
24,2061
22,2585
25,5071
28,6985
23,7102
21,12306
24,12376
23,13000
22,15113
24,15736
22,16632
28,17077
24,17663
25,19798
12,3209
15,4212
11,5296
10,7904
13,10811
11,12454
12,13005
15,15823
14,17979
13,18422
14,19352
26,2202
25,3049
20,4446
20,4594
24,5164
25,7043
25,7687
21,7875
25,10164
25,10415
27,11501
25,15085
24,16016
27,17859
23,18873
19,629
22,1215
19,1859
23,5838
19,7880
19,9078
23,9726
23,10990
18,11857
22,13728
19,13942
20,16376
22,18839
27,2096
26,2292
29,5535
28,11207
27,12304
27,12361
30,12829
28,13536
25,16382
23,17188
30,17990
25,17999
27,18062
20,430
27,953
26,1173
22,1181
21,2845
21,3001
22,4042
21,4327
20,5134
23,5234
26,6529
21,6948
24,9597
27,10017
20,11337
23,12117
25,12758
21,13471
20,14992
25,16286
25,16433
20,16641
24,17474
17,692
20,871
18,2674
16,3301
16,3690
19,4757
17,7610
20,7852
16,8181
16,8562
19,10185
18,11457
20,14891
18,15331
20,15514
16,15934
16,17371
14,679
15,1260
14,4163
17,8457
18,8742
17,9013
14,9943
17,11634
19,12429
17,14544
18,14905
17,17966
15,18724
17,19020
27,2052
28,2834
26,3039
28,3356
27,4414
29,5170
29,5532
24,5968
32,8015
31,8815
31,9815
31,9904
28,12172
29,13635
27,14064
27,15987
28,16490
29,16998
31,17625
31,19336
14,437
12,1980
11,3096
11,4937
14,5607
16,6163
11,7496
12,7545
16,8584
13,8998
14,10343
10,10687
17,10696
9,11639
10,11936
15,12654
14,17729
11,18143
13,18376
10,18969
33,441
32,937
35,1408
31,1512
31,4486
31,6413
30,8886
34,9399
34,9406
28,10163
35,11400
32,11689
27,14659
32,15453
34,17337
33,17775
35,18540
32,19028
33,19286
25,443
22,2273
17,4008
19,4415
18,8964
23,9627
18,10560
22,12466
18,12927
24,14227
18,14691
20,15116
21,16575
18,19220
25,1237
28,2363
26,2478
24,4241
25,5526
29,6993
23,7257
25,7770
22,7847
24,8669
30,9822
22,12735
26,13113
27,15297
26,18415
26,19252
25,19381
26,19438
28,445
26,587
25,3679
24,3867
24,3924
25,4370
27,6893
21,7616
27,8107
29,11912
28,12047
21,12985
27,13642
28,15955
27,16150
29,16705
26,16817
23,17333
29,17473
24,446
19,1376
20,1410
23,5832
26,7732
26,8351
20,8582
20,10805
25,12408
21,13853
25,14792
25,14904
25,18689
35,2427
32,2598
34,5449
30,6404
29,7988
31,8058
30,8317
32,8803
34,10148
30,10321
34,10324
32,10449
28,11744
32,11987
31,12500
34,12714
34,13045
31,16828
32,18556
22,451
21,2103
24,2753
19,4765
20,5004
22,5146
23,6286
23,6589
26,7421
24,8160
25,8902
20,10312
23,11791
24,13611
21,14740
24,505
20,612
19,4037
19,4095
21,4292
20,5731
15,6122
22,6279
21,6420
22,7373
16,8371
14,8510
17,11308
21,11504
17,11745
13,12462
21,12974
19,13527
24,15777
20,16022
18,19346
18,19637
22,454
25,1962
24,2255
23,5711
26,6823
23,7299
23,9167
25,9891
21,10403
25,11309
23,11711
22,13901
26,14055
20,15073
26,15294
25,19327
19,457
22,3005
21,4139
23,5895
28,7147
23,7735
19,9499
18,10289
21,10391
27,10863
24,11402
20,11444
23,12639
25,13894
19,14044
24,15797
23,18339
21,1273
21,5533
19,6517
21,7244
19,7810
26,9666
26,10712
19,13188
24,14944
19,16103
22,18560
24,19213
28,461
30,799
28,1366
28,3142
28,4417
28,4799
31,5929
31,6108
30,8198
25,9197
27,9446
27,10674
27,11293
31,12131
28,15184
27,16900
30,17277
27,18624
30,18684
30,18971
29,706
29,1580
29,1804
28,2599
28,5257
30,5916
28,8277
30,9155
27,10183
31,10455
29,10499
29,11418
31,12379
29,13189
28,14652
30,15867
30,17040
26,18275
30,19648
26,19991
37,470
35,1371
36,2170
33,2620
34,4802
34,5262
33,6901
35,7018
33,8204
33,10037
33,11035
33,11536
33,12635
33,13382
34,15722
32,16240
34,16303
30,17321
36,17609
33,18712
32,18748
36,19881
33,19887
17,472
18,2900
10,4788
12,4996
12,6289
16,6798
18,9140
14,9142
16,11757
13,16319
14,18821
18,2296
20,4368
19,4874
21,11281
19,12068
19,16709
19,16859
17,17396
18,18830
21,19751
21,476
22,2627
18,4230
20,6453
22,7866
20,8301
20,10368
22,10606
19,11830
20,12057
22,12907
20,14042
21,14965
25,15320
23,16165
21,18377
19,18394
21,19131
24,481
26,4121
28,5377
24,6816
22,7383
23,8229
27,9703
23,10192
25,10546
27,11446
28,11991
23,13583
21,15045
24,15627
23,17849
23,19924
19,1845
18,2949
18,5645
17,5849
16,8918
17,11209
14,11705
15,14575
18,14786
17,17784
18,18390
18,18496
19,606
18,688
17,1300
14,1320
17,2870
17,4051
19,4662
14,4969
17,7527
17,8626
17,12170
14,12432
17,12470
15,12830
17,13681
15,13701
16,13922
15,14185
17,14826
15,14842
18,15684
19,17556
15,18253
14,18372
17,18994
20,19592
17,19708
31,486
31,651
32,2367
26,2528
29,2999
30,4426
32,4863
32,4981
33,7776
29,9339
28,12125
27,14347
31,15264
34,17053
30,17620
30,19036
33,19902
22,488
22,591
23,769
23,983
21,1611
25,3194
28,4283
25,7715
24,11089
26,11252
26,11352
25,12794
23,13595
26,13826
25,14833
22,15329
26,16981
21,18318
23,18452
23,18831
22,19137
30,489
27,2234
28,4038
31,4683
28,5876
28,6730
27,10128
30,11560
25,14219
26,14340
28,19124
29,19140
31,19311
30,19718
18,826
17,917
17,4072
21,4930
18,6131
19,7028
21,7230
18,7461
17,8217
21,8864
18,9496
18,10684
18,11249
20,14758
19,15971
18,18942
19,19216
17,19849
18,19878
25,494
25,894
25,2124
20,2833
20,2948
20,3056
21,4989
25,5448
23,5687
20,5756
21,9637
20,10741
18,10775
21,10936
24,11234
24,11556
26,12721
25,13695
24,16442
24,17209
24,17218
25,17780
24,18216
23,19315
21,495
25,4477
24,4509
23,7279
19,8952
22,10752
22,13326
22,17230
25,17312
26,19306
26,19527
23,19982
25,2239
20,3541
29,5245
24,7729
25,8056
26,8766
23,9642
24,12033
23,12344
26,13285
25,16681
23,18294
25,19401
17,500
18,1792
18,2837
17,3298
15,3620
17,7035
11,8314
13,10004
16,10682
15,11420
13,12711
14,13012
18,14056
19,16672
17,19433
25,502
25,958
21,3363
19,6024
24,8865
25,11522
24,12988
20,13123
26,14515
22,14614
25,15448
26,17652
24,18794
24,19391
30,506
31,535
31,594
28,4267
30,4309
30,6360
32,6986
25,8208
30,14516
29,14843
30,15336
33,15440
28,16364
32,17216
34,510
35,2115
36,2156
37,2541
37,2561
38,2638
34,3653
35,4458
35,4986
38,5536
34,6063
36,6197
37,6513
36,8712
38,13025
33,15204
33,15376
37,16782
35,16973
34,17653
38,17806
32,18034
24,512
24,684
24,2857
25,2931
25,3288
25,5181
20,5298
22,5333
22,6141
18,6724
21,7363
25,7636
23,8455
20,12565
22,13351
20,14921
26,14984
25,15084
26,15889
26,15979
24,17944
23,18010
22,19480
20,515
16,6655
21,7590
18,10181
21,11694
23,12801
18,12976
20,13369
20,19271
25,19408
24,516
22,5402
21,6001
23,6910
22,7741
21,10504
19,10662
22,14827
22,15990
23,19711
21,517
17,621
24,1180
18,2071
18,2207
25,2231
21,3113
18,4201
24,5192
20,6106
20,6616
25,7868
22,8102
19,8581
25,10704
21,11325
24,12036
17,13155
19,13376
20,14985
20,16450
23,17631
21,17758
24,18824
15,519
11,741
14,2084
13,3474
13,5385
14,8465
13,8476
16,9092
15,9194
12,12418
16,13170
17,14310
12,14818
12,16374
14,16589
15,18746
26,520
26,1664
25,1796
29,3366
27,5980
27,7087
27,8812
29,9164
31,10219
26,10271
28,10617
25,10944
25,10969
27,11740
29,12416
24,13526
28,13781
31,13878
28,15156
27,16156
26,17493
27,19145
17,521
17,1861
16,2286
15,6005
13,7464
10,8826
15,12774
15,16424
15,16499
13,16967
12,18453
24,718
30,1226
28,1314
22,3042
26,4068
24,4823
26,9665
27,9781
24,9931
29,11187
26,13234
28,13251
28,14476
25,19066
26,19504
19,2060
21,2337
20,2983
23,3503
19,5218
19,6592
16,9502
16,11152
22,11433
18,11801
17,13484
18,14872
18,16060
15,18168
19,19219
20,19981
25,526
30,996
29,1045
27,2326
27,2788
26,2991
25,3152
26,5612
22,7438
28,10165
23,10265
30,10670
29,11497
28,12984
24,17008
25,18492
25,19052
26,19064
20,527
19,2616
14,3133
14,4321
18,8274
16,9318
15,9371
15,9576
18,10614
21,12623
18,13169
15,13581
21,13702
18,15523
15,16636
19,17628
28,1042
29,1751
32,1847
31,3029
30,5683
26,7494
29,8347
23,8572
30,8855
27,11138
25,13462
29,14393
23,14415
30,16701
28,17738
27,17817
24,532
21,3145
23,4655
20,6206
22,6711
21,8716
25,9877
25,10400
23,10942
21,11626
18,13737
19,14700
22,15051
24,15127
24,17749
27,17957
21,19915
28,753
26,2135
29,3174
29,4112
27,4196
26,6762
29,7247
27,7884
26,8137
28,11511
26,11764
29,12667
28,12795
28,12835
28,12858
31,13065
28,14012
28,16242
27,16988
27,17279
30,17670
29,18509
22,1383
25,1723
20,3906
25,5177
20,6620
22,9182
22,12113
24,14111
27,15649
21,17446
21,19237
22,19540
21,19689
23,19702
30,1359
28,2441
28,3146
30,4749
28,9914
31,10434
33,11851
32,19573
30,19580
32,19790
21,5157
17,7149
16,9849
13,10980
18,11422
16,13658
19,17010
15,18224
14,18867
16,3882
16,4233
15,4539
16,4894
14,6076
13,7179
19,7285
20,8064
15,8118
20,9225
18,10066
16,10759
19,11542
18,12015
15,13029
16,13501
19,13852
17,14397
17,14800
16,16064
18,16507
16,17960
33,1712
40,1828
38,2347
40,2725
36,3537
38,4473
39,5603
39,5920
39,7893
36,8237
37,9373
40,10877
37,11564
33,12349
38,13275
39,13340
40,14129
38,14174
37,14808
36,16692
36,18555
40,19387
36,19692
27,728
33,980
29,1648
33,8014
26,8602
31,8899
27,9398
29,9867
31,11482
29,11617
34,13981
32,15178
27,15700
33,17492
30,18210
27,19593
24,951
19,2984
21,5581
21,6686
22,7280
19,8363
20,9007
18,9424
17,9687
22,11131
22,11614
19,14305
21,15553
18,15563
21,18070
21,18080
28,899
30,5030
28,5328
29,9559
24,10429
30,14155
29,15295
28,15809
31,15908
28,16318
23,17027
25,17105
27,19605
25,19703
18,550
20,1873
20,4020
20,4319
17,12420
18,13183
16,14640
19,15080
23,16534
16,17850
13,18020
21,18157
22,19104
30,553
30,1480
27,3987
27,12214
27,19410
32,19600
24,19616
23,2038
25,2975
29,3115
22,3791
28,4364
28,6203
25,7408
28,8039
24,8353
27,8518
25,8568
27,10331
26,11769
26,12473
26,12797
25,13356
24,14105
26,14135
26,15551
26,16112
29,17231
26,17404
31,1069
27,2641
31,5097
28,5143
34,6237
32,8830
34,12339
34,12624
31,14492
34,15846
34,16045
29,16471
33,18393
35,19693
34,19961
38,560
36,1750
36,2456
33,2465
30,8089
33,8378
36,8672
33,9300
29,9352
36,9439
35,11162
32,12710
34,13529
37,14143
34,14998
37,17427
29,1788
27,2097
26,3075
26,6359
24,8379
24,8511
25,8526
24,11567
27,14830
24,17887
28,18333
27,18615
26,19382
15,1248
21,1296
23,1680
20,2445
23,2597
23,3340
20,4129
16,7109
19,7148
21,8489
21,9241
19,9749
22,10762
19,11734
22,15225
16,15244
20,15509
19,15582
21,17657
23,567
26,2210
24,4348
23,4829
24,5203
23,7038
23,10838
24,10957
25,12385
20,13260
22,13992
24,15063
22,15175
25,16385
22,16838
24,19542
20,19683
22,19871
31,1832
29,2819
26,3514
27,7707
29,7940
27,9836
29,11753
28,12324
28,12665
26,14187
29,16554
25,18334
29,19487
34,756
35,1489
29,1573
31,2488
34,3989
28,4617
27,5453
34,6759
31,8488
31,9240
32,11494
34,12696
30,12868
34,12954
30,13199
33,14240
30,14523
33,14546
30,14629
31,14784
31,17071
32,19582
28,573
27,2206
31,3623
29,5736
29,6774
26,7170
27,7549
29,12610
29,15461
30,15548
31,17576
30,18147
15,576
16,5092
17,5629
14,5793
14,5939
15,9159
15,9908
15,10031
16,15577
18,16808
16,18183
18,18466
25,579
29,946
30,3662
30,3870
28,4093
27,5502
23,6703
30,9168
24,9365
27,12208
25,15634
30,16518
36,637
29,3599
30,3605
33,8115
30,10195
28,10328
29,10595
32,11077
31,12582
33,12820
33,12956
35,13858
31,14474
32,16491
33,18041
32,18916
32,19343
31,19857
19,581
20,956
17,1099
17,6147
22,9807
13,10973
13,11706
20,13868
18,19215
25,4868
20,5151
22,5217
20,5759
25,6202
23,6634
20,6878
19,7013
20,8016
23,8646
22,9414
23,9675
24,9984
26,10893
24,12199
20,12799
19,14547
26,15724
21,16304
23,16598
22,18363
21,18667
18,19116
25,19529
24,19665
21,19705
24,583
23,795
26,5668
23,8025
23,8519
22,11531
23,13888
24,16105
25,16683
22,18195
24,19533
23,19677
23,584
25,3548
22,6859
24,7173
28,7185
25,7960
24,8587
22,9043
25,13873
20,14442
21,15757
24,16172
22,17497
26,18232
33,585
33,3631
31,4410
33,5276
29,6044
29,6841
27,9242
30,9623
35,10564
28,11396
30,11682
28,15556
30,17482
35,17656
30,17976
34,18059
24,1196
24,1394
28,1473
24,2502
29,6884
25,13499
26,14263
26,15255
28,15988
26,19984
17,730
15,1887
17,2557
13,2773
18,3367
13,4391
19,4975
17,5294
12,5650
20,5754
15,7112
17,10938
16,14618
18,14679
20,15398
20,15872
15,17074
16,17232
19,19360
27,592
26,3810
24,3915
23,7894
27,8127
29,9546
28,9613
24,12856
26,13452
31,13666
28,14355
28,14848
26,14954
26,14966
25,15818
28,17387
30,595
31,1380
25,2182
31,4324
29,4615
28,5113
29,5918
30,5951
28,6146
29,8848
26,9243
25,9595
29,10700
30,11568
26,12106
31,12314
27,12593
31,12898
29,12916
30,13267
29,13661
32,15841
29,19206
31,19570
28,978
28,1802
25,1994
23,2220
28,2805
29,3037
25,3553
29,3982
24,6963
25,7956
29,8009
28,8238
28,9003
27,10436
27,11356
27,11917
22,12977
24,13002
24,13321
24,14583
26,15124
24,17346
29,19337
20,597
19,1156
24,1336
20,1928
23,2476
23,2895
24,3173
18,4389
18,5681
22,9800
22,12023
25,14468
19,14955
22,15150
23,16226
21,17138
12,2288
11,2451
9,2767
16,3031
11,3524
9,4778
12,10732
11,12485
13,13670
8,13855
12,16509
9,17862
14,18577
12,18610
21,677
21,2609
20,5325
24,5850
17,6340
25,6646
18,7134
18,8610
19,9281
21,10091
21,14114
23,14482
23,18281
22,18796
22,19466
31,2142
34,2995
34,3348
28,3546
34,3698
30,3898
31,5081
35,6209
31,6475
30,7242
31,10197
32,11271
34,12876
27,13519
31,13748
31,14425
29,15023
32,16400
31,18078
34,18223
33,18469
31,19007
24,603
26,1225
19,1416
23,3421
21,4203
23,4635
20,4812
23,6425
24,6973
25,7774
23,8193
20,9064
19,10671
22,10822
26,13584
26,13872
26,14173
21,15364
20,15483
24,16196
24,16313
23,17642
27,17709
26,1717
22,4725
28,6731
25,7162
23,7429
25,9459
23,13105
27,14545
28,15254
28,15500
31,3100
31,3585
30,4408
36,4892
35,5965
32,8479
34,11099
34,13908
34,13969
31,14958
36,15009
31,18211
33,18238
32,19061
30,19535
34,19644
11,608
13,1603
13,2162
8,2756
13,4232
15,5290
16,7642
10,8099
9,8168
13,13588
14,14416
11,14505
14,19141
13,19209
23,1429
22,1753
20,2136
21,3170
21,4905
20,5662
17,5774
20,6422
20,7954
18,8259
24,8514
23,9964
17,10655
20,10710
20,10878
24,10909
24,14406
24,14427
22,15223
21,18585
24,19794
19,2569
17,3014
19,3253
23,4990
20,8541
19,11865
18,13683
20,14533
17,14534
21,15814
18,19566
22,1164
17,1506
17,1549
19,2056
20,6110
22,6632
18,9464
23,10883
20,12373
19,17238
19,18258
25,617
28,695
29,2132
22,2602
25,2820
28,5994
26,7108
24,9069
24,9172
25,9846
23,10290
24,11805
27,12200
26,13397
27,14674
29,16126
29,16299
28,18826
27,19494
24,19732
31,619
26,4060
26,5785
22,5816
24,6996
29,9860
25,11709
28,14278
26,14361
30,15349
26,15856
30,16908
20,622
17,2780
21,3126
19,3652
20,6417
18,10386
17,12014
17,12722
20,13875
20,14710
18,16213
23,16726
18,17292
20,17368
22,19328
15,808
13,3055
17,6567
17,7012
18,10513
14,11260
18,12579
18,12780
16,13533
18,17135
20,17389
14,18383
15,19971
19,19990
25,627
23,1546
25,1904
25,2230
23,5167
22,5652
24,6505
27,7430
19,9874
22,10304
23,14744
19,16331
22,16660
23,17355
22,18077
21,630
26,988
23,1009
20,2297
21,6161
20,7356
24,7402
25,9375
21,11333
21,12098
22,12474
20,12881
22,13208
24,13539
18,13841
26,14990
24,16834
21,17157
21,17228
23,631
27,1925
26,2509
25,3240
25,3900
28,5260
24,5946
28,6072
26,6574
30,7718
24,8652
23,12071
29,12368
26,13085
28,13159
28,13651
26,13742
25,14282
28,14512
25,15642
27,16655
26,17696
28,19416
24,1532
28,3041
25,3683
23,3770
22,5641
22,5818
27,5834
25,7193
23,7215
28,8534
21,9141
21,9905
27,11312
23,11500
20,12197
25,13772
23,14120
25,15754
23,16009
19,18833
26,19152
18,791
17,2546
17,3918
16,4942
22,8430
16,8801
17,12492
18,14376
18,14686
15,15667
19,16748
27,1224
25,2524
30,2969
29,4010
27,5024
27,5919
27,7034
28,8049
25,16412
28,18226
27,18445
21,908
22,1139
20,1241
21,4980
25,5519
21,6912
22,8412
22,8651
27,11922
22,13618
27,13830
21,15986
22,16282
21,17146
22,18149
24,18802
26,19762
14,835
16,1430
11,2402
14,3835
10,4401
13,4560
11,8343
14,15258
10,16943
13,17440
26,641
25,2356
31,6027
25,6064
27,6066
26,6234
25,6822
26,6825
28,7727
27,7970
28,9372
25,14694
27,17078
29,19805
24,1449
26,1624
21,1716
25,2906
25,3576
25,7395
27,8422
26,8876
29,9608
20,11175
28,11288
28,13076
29,16440
26,18693
25,1457
26,2742
28,4058
28,7115
26,11978
29,13357
23,16426
26,18008
29,19869
26,647
30,2073
25,3993
31,5692
28,7080
30,7307
27,8219
27,9587
26,9972
27,12203
24,14346
29,15452
28,15998
27,16067
25,17374
26,18934
26,2027
28,2707
24,4003
24,5055
26,5773
27,7829
27,8322
27,8348
30,10390
24,10426
25,10701
28,13747
28,14215
27,15608
27,15803
24,15863
26,16927
28,16995
26,17662
27,18663
25,19072
24,19120
30,19259
27,19427
22,654
19,2258
19,2735
14,5664
16,6194
17,6245
17,6512
19,7181
16,9625
13,9897
14,13968
15,16883
22,17148
17,17619
21,18643
23,657
17,819
22,5412
16,6104
19,7044
21,7103
17,8797
19,9818
20,10392
19,10638
19,12147
20,13596
22,15405
20,16075
21,18043
24,18423
18,18894
19,1354
18,1558
16,8586
18,9498
23,9701
16,14980
19,16714
14,16786
17,17353
20,17509
20,18965
29,664
23,2064
28,2205
30,3790
24,3875
26,5479
29,6065
27,8606
26,8679
24,11159
28,12451
29,13782
28,14297
25,14435
26,14934
30,15128
29,15598
25,16088
30,16628
27,17030
25,17107
23,17874
27,18327
25,18840
24,997
25,5380
25,6918
23,7295
23,8004
25,8149
20,8822
18,9359
22,9417
26,9463
24,9710
20,10003
24,10495
23,13115
22,13348
22,13422
23,15069
21,18101
19,19958
22,2047
20,2954
18,3057
17,3166
16,4518
22,5498
20,6773
22,8439
22,8972
22,9021
22,10482
20,10758
19,12030
21,18244
21,19044
20,667
17,1797
20,2460
23,2481
22,3972
20,7042
23,8402
23,8433
24,8841
19,10905
18,12590
21,13168
20,13807
18,13850
23,13911
19,14925
20,15901
19,18353
23,804
21,1463
27,4801
22,4890
27,6201
24,6240
23,7120
23,9812
23,9903
21,10562
25,14232
23,15332
24,15368
25,15464
20,16209
24,16480
20,17702
23,18661
19,19265
34,2032
32,2470
28,2646
33,2796
30,4429
30,4947
29,6492
33,7613
30,7820
29,9480
30,11594
28,11843
33,13401
28,13999
28,16505
34,16637
32,17381
31,19744
28,19783
15,3390
13,5936
14,6943
16,7445
11,7540
15,8048
10,8130
13,9888
14,10229
14,13517
15,14265
12,15458
12,16212
12,17880
23,1115
23,1969
24,2648
21,4261
22,5586
23,7786
20,8885
22,10191
24,10812
23,13119
22,18625
19,18662
21,18972
23,19279
25,19572
20,19755
33,1223
29,3720
31,3742
30,4069
32,4250
30,7597
31,7889
33,9198
32,10001
30,12012
32,12355
26,13725
29,13881
30,13887
28,16308
31,17637
30,17822
30,18099
31,18757
30,19235
32,19477
27,682
25,989
29,2462
27,5338
29,5639
30,8276
25,9280
30,9347
27,9486
32,10505
28,10590
28,11272
28,11887
29,12021
25,13388
31,13685
28,14099
26,14541
27,15348
30,17202
30,19323
26,19599
22,3831
23,3922
24,3984
22,4246
22,4544
26,6784
21,7300
23,8131
24,8425
24,8446
24,8570
20,8877
22,9828
22,11318
20,12165
22,13314
24,15370
25,15380
24,15383
24,16587
19,17288
22,17936
22,18569
24,1081
24,2024
26,2812
25,3141
24,6331
19,8480
18,10369
19,11269
24,12153
22,15122
21,15505
20,16799
10,691
16,805
14,2398
12,3081
11,5431
16,12771
16,14267
10,16421
13,18111
17,693
20,1567
22,4176
17,5534
23,5579
18,6350
22,6826
20,7447
23,8105
19,8551
19,8553
21,9699
17,9986
22,10099
20,10446
19,18678
15,19720
17,916
19,1168
25,1342
21,1807
20,2113
20,2322
19,4365
24,4736
20,4758
19,5321
22,6195
23,8509
24,8597
20,10292
22,12276
22,12354
21,12402
18,13560
20,13913
21,13940
21,14480
18,16874
22,17184
25,17423
19,17551
22,17790
23,18217
22,18599
17,900
23,1443
19,1836
18,2001
21,2889
16,4341
20,4491
21,7327
19,8498
22,9454
17,9758
20,10373
20,10873
20,12576
23,13957
21,14768
21,15611
20,16040
22,16182
19,17514
17,18374
22,18771
24,19545
21,701
18,2617
19,2986
20,4576
18,4743
19,4785
18,6623
19,7368
21,10024
18,12720
21,13430
23,14446
20,16086
20,17159
23,18379
17,18451
29,703
29,774
25,1686
28,2907
28,3798
28,3852
22,8494
22,8832
26,8965
26,10920
26,10982
28,11583
28,11910
27,12838
26,13679
22,17358
28,18012
26,18836
25,705
24,3917
26,4484
24,4730
27,9279
25,12374
26,12480
25,13564
25,14584
26,14754
12,2063
15,2688
14,4441
16,6987
12,7662
18,8732
15,10376
17,12155
17,12257
17,13543
16,14721
15,16316
19,17372
24,1589
24,1608
22,2410
24,2580
23,3846
27,5137
28,7531
27,7717
24,7909
27,10027
25,10121
23,11670
28,12750
22,13939
28,14300
28,16245
24,17815
23,17916
25,18340
25,18963
25,19310
25,19764
33,710
35,1683
35,3981
33,5329
37,5597
35,8810
37,9887
35,10007
36,11300
34,13342
33,13678
34,16065
31,16896
33,18820
36,18955
34,19117
30,19753
36,19875
14,711
13,1604
17,1677
12,3561
13,6135
17,13084
11,13143
14,14368
15,16572
15,17500
15,19445
17,19729
13,19811
24,1001
22,3110
23,3784
27,4127
25,4497
23,6546
25,6582
27,9574
22,12661
23,13278
23,13801
22,14163
24,15130
28,16865
26,18083
21,19921
13,719
15,3374
12,3403
14,6007
8,6689
16,8073
16,9650
12,12506
12,13050
14,15271
15,15939
12,15993
10,16746
12,17269
14,720
18,1074
17,1684
19,4450
18,5244
18,5772
18,7423
19,8094
15,8719
20,8775
13,9135
12,9349
19,12931
18,15411
15,15719
14,16007
18,16456
19,16892
16,18259
20,18450
16,18735
16,19108
27,721
30,2110
32,5608
30,8249
31,9467
30,9539
29,10202
29,10547
30,12571
26,12832
32,13024
26,14469
30,17967
32,19151
17,2036
16,2860
20,8880
12,9299
13,10645
15,13489
15,13630
14,16189
19,19407
20,19553
28,725
29,2050
26,2232
28,2558
29,3724
28,4588
28,5471
27,6650
27,9063
27,9639
29,13015
29,13429
27,13474
26,14613
31,15762
26,16362
32,17084
27,18770
19,922
18,2172
17,2581
13,4118
19,6718
19,9440
12,11727
20,13161
17,14259
17,14570
17,14900
21,15733
19,16602
16,16605
15,17677
15,17708
17,18296
15,18616
13,18870
19,18987
26,1474
27,4963
28,5613
25,5755
23,6004
21,6014
25,8079
28,8448
27,9868
25,13476
25,14560
21,14946
21,15510
22,15961
23,18500
21,738
29,4218
27,6657
24,7812
28,7863
23,9340
25,9730
28,10285
27,10333
22,10541
25,10679
27,10929
24,12706
25,14400
24,14491
25,16538
28,17827
25,18534
16,739
15,1398
18,3965
14,6536
12,6933
16,7066
14,8035
8,8493
12,8508
15,10103
13,15903
15,17276
15,2281
16,4158
11,4604
15,5386
15,8106
17,10644
14,10731
13,10802
19,11897
16,13960
20,14048
17,14672
13,14695
16,16281
18,18091
14,18399
26,746
23,2695
26,2944
23,4254
23,5444
25,5661
23,6886
26,7905
24,8376
19,10095
23,10276
23,10816
29,11423
26,13146
26,13682
22,18346
32,749
26,1743
29,2554
28,4036
33,4275
33,7298
31,9131
31,9255
29,9312
32,9722
27,11121
29,11343
32,13575
31,16019
29,18165
27,18410
30,18435
31,18793
31,19172
32,19221
32,19918
21,750
17,1304
20,1724
20,2998
22,4472
21,4541
19,5142
19,10666
22,12569
20,13403
17,13558
17,13776
23,14052
19,17997
20,18407
22,18417
16,19289
20,19359
22,751
29,1247
28,3015
24,3222
24,5765
26,6297
25,7515
25,8044
24,11476
25,13291
27,15155
26,17178
24,17753
24,17926
25,19169
15,1108
17,6170
11,8473
13,9382
18,10150
14,10715
12,12347
12,13218
10,13877
15,15208
13,15378
15,15587
11,16938
18,19376
18,1641
15,3350
20,3515
15,6181
18,6385
13,8296
15,8522
17,9219
17,10697
15,12517
13,14363
15,15003
13,15385
14,16886
13,17060
14,17557
19,18234
6,1814
8,7972
9,9049
10,9288
9,9411
6,10065
11,10552
9,12209
11,13848
5,15341
8,16696
7,18513
23,759
20,934
18,2942
23,4205
22,10576
25,11139
22,13138
22,13660
18,14590
17,16405
24,16437
23,17208
22,17723
23,18075
17,760
17,3207
21,4258
15,5219
16,5418
11,6906
17,9254
17,9649
16,12192
16,12491
15,12507
17,12599
18,17615
18,18384
18,19260
23,766
23,1950
20,3295
24,3733
22,5249
19,6627
19,7294
23,8599
24,9188
24,9777
27,13720
25,14502
26,14677
27,17339
23,18874
27,2547
27,3243
28,10382
28,11011
30,14685
27,15247
31,15866
29,16392
28,16555
27,18803
30,19641
23,771
21,2033
22,3986
28,6407
28,6541
29,9218
27,12781
25,13295
30,13381
28,15546
23,15668
27,18125
26,18538
22,772
24,2711
23,2712
23,3094
21,3163
18,4503
23,6838
24,7278
24,10109
20,10702
21,11307
22,11345
23,11510
25,11884
19,12666
22,13787
17,13839
22,773
23,4078
25,4318
24,4595
24,6330
21,8611
24,9441
22,10235
24,11540
23,12185
24,12387
21,13328
19,14698
23,16420
22,16901
23,17592
23,17953
24,18229
23,19800
21,778
27,1800
21,2069
25,2176
25,3246
20,3794
25,6033
25,6805
21,8793
19,9374
26,9572
21,11722
24,11785
20,12443
22,14856
20,14979
25,15036
20,15596
22,15716
20,19264
26,783
23,1280
27,2123
24,3153
25,4080
26,5374
23,5615
23,6840
24,6897
21,7757
27,9287
24,11115
26,13824
25,14283
27,16425
17,4157
15,5911
15,7305
8,7376
11,8463
12,9902
11,10563
12,13933
11,14556
17,14978
9,16544
14,17205
12,17431
11,18813
13,19065
15,1690
14,2169
16,2579
17,3283
15,4371
16,5368
17,5689
18,7624
19,8594
15,10122
20,10859
15,12049
16,13646
19,14231
17,15277
17,18708
25,790
22,2092
27,2719
27,4105
26,5686
22,5725
26,7898
24,9580
26,11171
25,12939
29,13562
27,16384
29,18124
30,18633
23,792
20,1539
26,3789
21,9145
21,13510
21,14715
20,17830
24,794
18,1974
22,5466
23,7184
23,7838
21,9980
19,10288
16,12514
22,12684
19,13008
25,14878
24,16078
22,18691
23,19100
16,800
19,1529
17,1689
18,1790
19,2187
18,2414
16,3278
18,9148
19,9363
17,14778
17,15020
17,16679
14,16804
17,16914
17,17489
34,830
34,5440
30,5865
33,6015
31,6792
33,7684
30,10248
32,10921
28,11100
27,13263
31,14375
31,15160
32,17839
32,18491
31,18544
32,19339
27,803
30,960
29,1182
27,1341
30,2120
24,3492
27,4781
23,5594
27,5989
26,6227
27,14835
26,15397
27,18993
31,19696
26,1571
23,1999
26,3637
25,6376
25,7017
27,7033
23,11538
27,11576
25,12487
24,14266
28,16365
30,17842
25,17904
26,17943
24,18325
26,19312
19,4796
19,5108
22,5799
26,6057
20,6596
21,7594
24,8150
22,8390
20,8765
25,10496
22,11445
23,14312
22,16570
23,17150
19,17908
21,18030
19,18400
23,1833
28,2111
27,5336
24,7218
25,7508
24,7791
23,8560
24,9161
25,10477
28,12095
24,12690
26,14141
22,18236
29,18348
24,19134
21,19782
22,817
24,3504
26,3647
21,3931
27,4053
20,6081
24,7886
23,10543
25,11982
24,12998
22,15581
22,16246
20,16275
27,17014
26,18575
22,19038
28,19411
24,19602
25,19684
15,3670
15,4019
17,5555
16,6208
16,7441
15,12872
15,13399
12,13955
21,14279
18,15423
18,16248
18,17137
16,17375
16,18722
15,19966
16,4970
16,5313
14,8470
14,11304
12,16646
17,17872
15,19129
18,19153
13,19647
21,831
22,1682
22,3660
20,4445
25,7159
20,7350
26,8122
27,8601
23,8868
23,10340
22,10998
23,11174
25,12025
20,12461
25,12463
23,12793
24,13079
24,13272
19,13289
22,14882
22,16428
24,17038
19,17861
27,832
26,1669
27,3885
25,6278
29,6619
26,6640
30,6890
26,7877
26,13249
24,13828
23,14253
24,15568
27,15891
26,17376
27,17843
25,18262
14,834
16,1330
13,1658
13,1860
14,2821
12,3627
13,3840
15,4174
14,4530
14,4651
13,5910
12,6791
16,7152
11,9123
13,10588
14,10669
15,10808
12,12723
12,14838
14,14971
17,14989
17,15191
18,18089
22,837
24,1037
22,3559
20,3957
20,5452
25,6732
21,7121
22,7246
20,9002
20,12469
21,13941
24,15477
25,15701
20,15767
24,17124
20,17424
26,18628
26,19914
17,841
15,1561
17,2936
14,3140
19,3539
17,3654
19,4204
15,4686
19,6324
16,6532
15,7552
16,8202
16,8638
17,9005
15,9394
16,9708
14,13767
12,14601
12,15968
15,16386
18,19678
19,845
19,1365
24,5187
17,5223
23,9059
22,9428
21,10201
24,10950
17,13317
24,14079
24,14317
20,14664
20,15583
20,18945
19,19829
20,3346
19,4378
23,5005
22,6314
19,6510
21,8752
20,8843
20,9829
20,11305
22,11509
24,12563
21,13680
24,14241
20,14888
22,18536
28,1519
31,1909
32,2487
29,3320
29,4263
33,4724
32,5102
31,5332
31,8709
34,9709
29,10521
31,11104
31,11295
31,11416
33,12294
32,16640
27,17249
33,17511
31,18986
28,19418
27,1289
27,2883
27,3866
33,8444
29,9754
27,11405
32,15494
28,16652
29,17104
30,17145
26,19136
26,861
23,1295
20,1765
25,4806
22,5991
27,7407
24,11145
25,13306
23,16666
21,16794
21,17067
23,864
23,1921
20,2468
19,2813
20,4492
22,5111
17,5252
19,6144
23,6389
24,8871
20,11648
17,12184
20,12960
18,14200
24,19368
19,867
20,3859
17,3901
20,3956
18,4985
20,5575
20,7401
23,9674
21,10177
22,12389
21,12526
23,13160
22,14557
23,14731
20,14854
23,18392
19,18697
14,869
17,1629
16,2129
18,2323
14,3215
18,4487
15,4558
15,5446
14,5913
15,7329
20,8780
13,11658
18,12096
15,13335
18,15421
15,17064
19,17955
17,19288
15,19394
28,1548
32,3386
28,4379
34,8783
32,10651
28,11330
28,12421
30,13385
28,14128
29,19832
30,19946
26,968
30,1915
27,4179
31,7848
32,9959
26,11438
28,13297
29,15392
29,16208
34,18135
26,18832
26,19035
22,875
26,3765
24,4063
27,5002
21,5269
21,5510
21,7431
23,9222
20,13449
20,15275
20,19200
31,876
29,6521
30,7822
27,8754
28,11766
26,11940
29,12180
29,14522
26,15117
28,16149
25,17365
30,18332
22,880
21,1253
24,1328
22,6429
21,6857
23,7906
22,9105
25,10224
17,10753
23,10754
22,10881
20,11733
20,11994
23,12218
20,14159
26,17167
21,17171
17,885
16,2943
21,4387
17,5155
17,8731
17,9731
22,10161
18,10675
19,10888
14,11902
18,13330
20,16476
18,18266
23,18314
17,18349
17,19609
21,886
18,1941
20,2387
21,3678
23,4005
21,4043
19,4160
20,4436
19,4553
17,5292
21,8010
22,9238
20,11384
20,12362
22,13700
21,15179
17,17613
24,887
23,1896
22,2335
27,2858
25,4927
21,6168
21,6764
28,7856
26,7973
26,8038
24,9383
20,11126
23,13053
27,15047
27,15173
26,18879
25,19502
27,961
27,3251
24,6440
25,7208
21,9449
26,10589
28,11788
23,14037
25,14702
26,15120
23,16871
24,16904
25,17938
23,18028
25,901
22,2994
21,4113
22,4912
24,5426
21,6603
24,7287
23,10049
17,10735
23,11430
19,14559
16,14752
17,16451
22,18052
30,1897
25,2956
32,3686
27,4170
27,4431
32,5917
32,6487
28,7157
29,7276
30,7324
31,7457
26,9473
29,9603
27,10627
29,10768
27,11219
28,11561
32,11714
26,12100
29,12189
26,13843
30,16751
31,16768
32,17380
28,17739
30,17869
15,911
14,2275
16,2449
19,2612
14,4646
14,5485
15,5582
21,6602
16,6666
15,6978
16,8095
17,10545
16,11229
16,12577
16,13637
17,14513
21,14551
16,15101
14,15140
16,16276
16,16469
16,18227
16,18612
12,19653
16,2168
12,2241
15,2589
16,4316
15,5285
14,6050
16,6482
15,9037
13,9456
17,13235
16,15098
12,15206
14,15238
32,929
28,2573
30,3489
33,5043
32,5320
31,5458
30,6156
31,8399
25,9552
30,9601
30,10102
26,11315
30,14961
28,16302
32,17818
13,2526
9,5745
15,7155
11,7243
12,7405
14,8466
10,9679
10,11065
10,11360
10,14963
13,15029
10,16127
12,17923
13,18033
14,19667
22,1385
23,1943
25,2439
22,2610
20,2702
20,7082
27,8116
27,9388
22,10319
24,10534
22,12256
26,13961
22,16096
19,18273
26,19244
19,938
22,1103
16,1578
20,5212
19,6714
15,8123
22,8423
19,8520
17,9113
15,9196
20,9526
19,11959
19,12548
17,14166
16,18412
17,19405
23,939
22,1021
22,3296
20,5470
22,7608
21,7996
17,8800
19,9273
24,10323
22,11094
21,12019
19,12102
22,12460
19,12621
19,12682
22,12903
21,13392
20,14010
23,14785
17,16278
22,16496
22,17522
24,17678
21,18672
19,19125
21,19952
24,944
21,3105
24,5688
24,10115
20,10657
18,10660
24,12862
19,13036
20,15322
23,16461
19,18750
24,19163
22,19947
13,945
13,1502
13,2802
14,2903
16,3024
10,4821
9,4836
12,6396
12,8438
15,9048
9,11650
9,12409
7,12584
12,14473
14,14621
13,14801
16,17154
12,17172
10,17573
10,18856
9,18861
16,1936
13,2450
13,3388
15,3710
19,5638
13,7194
16,8441
13,8655
11,9017
15,9022
19,9269
15,9301
10,10000
14,11247
14,11681
15,12352
12,13280
17,14338
14,15976
9,19409
34,1276
31,1649
31,3436
35,3456
35,4135
36,8264
35,9278
36,9551
36,11332
36,11762
35,13458
18,962
16,2399
21,3355
20,4034
20,4667
22,5815
22,6818
17,6932
19,7669
18,7912
21,8507
16,16724
18,17031
21,17587
20,18510
20,19996
25,1048
26,2163
25,2629
28,7428
27,7697
27,8784
24,8788
27,8894
28,9835
24,10097
22,10468
24,10935
28,10979
31,11241
28,11248
30,11474
28,11796
29,13434
29,13906
23,14067
29,16072
22,16434
23,16702
26,17281
26,17933
25,18173
27,18408
26,19087
21,969
22,2371
22,2678
25,3183
26,4978
25,5200
24,6199
23,6889
19,7001
24,8657
18,9221
26,11410
22,11488
22,12494
22,13699
22,15740
23,15779
22,17370
22,19385
18,973
17,1881
20,2655
17,5724
17,7092
20,8735
21,9442
15,10430
21,10797
14,11837
17,11946
19,13265
19,13352
19,14080
18,14727
16,15455
20,15769
19,17834
21,18297
26,977
19,3010
24,3659
26,3709
23,3911
24,5909
22,7413
22,7680
24,8437
18,10243
22,11748
27,13509
21,14088
22,14419
24,14879
22,14899
26,16191
21,17671
23,19389
21,19531
24,979
24,6564
23,6930
24,9817
26,10380
23,10641
21,11323
24,11646
27,14284
23,14475
23,16125
25,16379
22,17170
22,17547
25,19476
26,19680
32,982
30,2959
28,3007
35,4967
34,6265
33,6668
30,7802
33,8121
33,10053
32,11076
33,11893
35,12145
36,14431
32,15019
32,15039
29,17409
35,18003
20,984
16,3530
20,3712
22,4549
16,6835
22,7861
18,9186
18,10993
21,11763
18,15046
18,15946
16,16394
27,1850
31,3335
29,3425
25,3787
28,4152
25,8070
29,10853
29,11480
26,13303
30,13605
26,15884
22,16008
27,17554
25,18201
28,2898
26,3019
25,3332
26,3877
27,3969
27,5753
26,6375
26,6864
29,8436
24,8757
26,9177
26,9431
22,10907
27,11683
21,12809
24,15229
24,15314
25,16294
27,16340
28,18272
26,18732
26,19997
27,3093
26,3508
27,5851
29,5954
23,7999
26,8140
22,10910
27,16411
24,17418
23,18098
26,18414
37,1490
33,2643
33,3208
32,4703
37,5516
30,6553
37,10315
29,10818
33,11473
33,12176
38,12757
33,12980
37,13237
32,14638
31,15031
37,15677
38,15995
33,16177
38,18747
34,19576
21,5040
25,8751
21,10084
23,12810
22,14713
25,15357
17,16516
23,16606
23,18220
23,18518
21,18528
25,19768
22,1010
18,3731
15,4579
18,5007
23,5242
20,6347
16,7703
18,8467
19,9949
20,11184
21,12512
22,14658
22,15969
19,19883
23,1013
25,1537
23,3130
28,4377
25,4649
25,4869
25,6157
23,6294
24,6772
23,7053
23,10508
23,13928
22,14391
25,15845
26,16032
27,16685
24,17467
24,18380
22,18908
22,1019
23,1155
21,1169
22,2675
25,6200
24,7673
21,7823
24,10720
22,12151
24,12782
21,14540
24,15151
24,16861
20,18926
26,1024
25,2114
23,2512
24,5261
24,8250
23,8559
25,9246
22,9989
20,13097
26,15871
23,1026
25,1482
23,1984
23,2085
23,3740
23,4467
24,4672
23,5207
26,5494
25,5826
25,8684
23,9191
26,10189
24,12299
24,12573
25,14108
21,14250
21,15212
21,15262
21,16581
24,16619
24,18049
22,18104
18,18921
22,1456
19,1554
21,5892
22,6153
27,6733
21,9507
25,15718
22,16497
25,16893
24,18017
24,18604
26,1070
28,3333
29,5465
29,7526
29,7925
27,8537
26,8721
24,13254
30,13856
31,14975
27,15389
27,18564
30,19395
26,19522
17,2330
18,3262
19,3564
18,3633
20,3815
15,5788
18,6424
18,7795
19,8027
13,8703
16,8913
17,16134
16,16444
15,19844
37,4599
38,5136
37,6452
35,9497
38,10149
36,10422
38,10848
38,14571
38,14597
35,14641
38,15654
37,16380
41,16543
36,18170
35,18943
36,19526
37,19766
36,19777
35,19806
19,2397
24,3845
25,5740
22,6098
22,6866
20,7826
24,8005
20,8835
23,9285
21,9379
25,9432
25,9542
21,13202
22,15260
20,15936
23,18484
23,19518
12,1058
12,3802
14,5064
12,5635
13,7266
10,7566
13,7867
10,9462
11,12007
14,12726
8,13713
14,14524
15,16823
14,17553
13,19179
33,1067
31,2300
30,5039
33,6630
29,6722
33,6757
29,7436
32,8151
34,9725
32,11905
32,13028
33,15061
30,15673
29,15789
30,16222
30,16492
33,17134
22,1786
20,1813
18,2119
17,2967
18,3035
20,3204
14,4104
22,5823
17,9651
19,12728
17,14170
16,15353
20,15550
17,16811
20,17261
20,1078
20,1195
20,1363
19,5734
20,7138
17,8358
21,8486
22,9338
15,9946
19,13362
16,13806
18,15437
17,15558
17,16206
18,16576
21,17529
20,17531
20,19316
29,1670
25,5819
23,6100
26,7587
28,10721
27,12619
24,13341
24,14956
28,15865
26,17233
25,17778
23,18218
25,18511
25,19470
32,1160
27,3697
29,5355
29,7024
33,8471
32,9057
29,9941
32,10719
30,13027
30,13057
33,13578
26,14481
31,14589
33,15313
33,15442
29,15518
28,16115
29,16743
27,18622
27,19033
15,1348
20,5149
15,5606
17,8661
18,9895
16,10277
21,12243
21,12676
15,13006
17,14154
19,16093
17,17449
18,18606
16,19473
20,1093
15,1286
21,1746
23,5112
21,5673
17,5708
21,5938
17,6494
16,6544
20,11041
19,13191
17,15200
21,15315
21,17866
25,1101
29,1288
29,2710
29,3694
31,5544
27,6697
28,8295
30,9956
27,10085
27,10553
27,11765
27,12875
26,13077
30,14254
28,15457
29,15954
26,16241
30,16460
27,17973
29,18881
30,19781
30,1523
31,2749
25,3630
25,3883
29,4452
30,4516
29,4625
24,4665
27,5025
26,5117
30,6261
30,6474
27,9472
26,12042
26,12051
28,12766
31,13233
24,1114
21,2791
20,3455
21,3569
19,4460
19,5274
18,6771
25,7410
21,7437
22,7605
23,11697
24,11864
19,12489
23,13966
24,15071
19,16661
22,16682
18,17075
22,17569
20,17951
20,18188
21,2843
24,3016
23,3329
25,4407
23,6087
21,7094
23,7269
21,8370
21,10005
24,10043
24,15521
25,17176
25,17577
21,17891
16,1119
15,1720
12,3567
18,7091
20,7702
18,8235
13,9170
17,9491
20,11117
17,11930
16,12438
14,14724
19,16000
22,16723
14,17025
19,18037
21,1124
20,1284
19,3109
18,4287
25,4921
20,5406
16,6455
20,6656
23,6938
19,9345
19,10274
20,12935
18,15305
21,17549
23,17747
20,18184
19,19587
24,5462
20,6067
18,6222
22,6439
17,7888
16,11890
21,12274
19,13879
16,14316
24,14609
19,15522
23,19101
19,19640
19,19801
24,4837
19,6179
22,7652
20,8055
21,9128
20,10407
21,10894
23,10896
24,12863
20,13818
24,16243
20,16884
23,16899
24,18681
23,19175
21,19246
15,2841
15,2979
15,4046
16,5264
16,5643
18,5852
18,6187
16,7240
13,9990
20,10804
16,12309
17,14039
16,15836
14,17768
17,17948
18,19164
31,1159
26,1204
29,2930
27,4582
29,4737
29,5764
31,5912
27,6059
32,7649
26,7809
30,8435
25,8574
30,9386
32,10143
30,11286
30,13461
28,14262
35,15739
31,16229
32,18439
30,19536
16,1163
15,1327
14,3511
21,4499
22,4538
13,4917
16,5714
18,7195
15,7248
14,9633
18,10200
16,10492
19,10864
11,11777
20,11924
14,12188
21,12337
17,13171
19,14574
13,14815
17,15807
16,18328
26,1508
25,1830
27,2801
29,2865
26,2993
29,4746
24,5782
28,5848
25,5975
26,6511
29,7067
24,7721
24,9906
25,10548
28,10743
21,10746
24,14673
23,15414
29,16528
27,17160
23,18721
25,19195
25,1178
22,1452
22,3205
22,3330
22,8361
20,8650
25,10087
21,11869
21,14142
21,14182
21,16624
19,17327
20,17801
20,19399
17,3034
16,3048
23,3186
23,4354
21,5078
18,5805
21,6431
17,7538
16,7748
18,9985
18,10166
19,11523
23,11862
21,12877
18,13349
18,13416
23,13706
19,13741
17,13885
19,14749
19,14941
19,15290
15,1198
14,3038
13,3661
14,5982
16,6832
11,8101
12,8124
16,8648
13,9149
13,9599
14,11477
13,13125
14,13250
12,15163
15,15630
15,16765
18,16947
16,17236
15,17989
15,19030
18,1199
15,3905
17,3958
18,5433
19,5926
14,6695
16,7365
16,8769
20,11738
18,11795
17,13505
20,13697
17,14115
18,18167
33,1201
34,11593
32,11996
34,14239
36,15852
31,16020
29,18815
13,1202
16,2694
15,4597
15,4835
14,5401
18,5624
15,7617
15,7859
12,9046
14,10471
16,13719
13,13862
13,14070
14,14426
16,15542
13,16057
16,16977
13,17206
16,19073
21,1203
20,2769
20,3023
20,3782
17,4165
18,5879
20,6488
24,6506
19,7471
21,10830
23,13664
22,13692
22,14751
21,15372
21,16960
19,19212
18,19613
9,1616
8,2727
7,4109
7,4305
9,4915
10,6946
6,8957
9,10445
7,10803
7,11616
8,12669
8,13448
13,15614
6,18857
23,1227
28,1729
29,2049
23,4528
28,5413
27,5557
27,6043
26,7518
27,7635
28,8110
25,11797
25,12534
27,15579
26,16830
25,18126
26,18132
25,18256
26,19254
23,19642
22,4627
23,4800
20,5178
20,6328
20,7937
23,9517
22,10013
23,10423
25,11451
23,13820
20,15682
20,15689
24,15770
20,16608
21,17069
21,17410
23,17867
22,18345
19,18490
20,19047
22,19332
23,19455
18,19730
18,19870
36,1791
36,2965
32,3224
34,5047
35,7921
38,8047
37,8933
35,11414
37,12132
36,13948
39,14210
34,15524
39,16129
36,17912
12,1243
16,2485
16,2781
16,3290
21,3467
19,5188
19,6191
20,7309
18,7851
18,9212
15,14976
14,15220
21,17115
14,17252
17,17272
16,17825
21,18557
18,19191
29,2116
25,2199
27,3071
22,3271
25,3325
31,4386
29,6082
28,10075
26,10690
27,11781
26,13986
28,14623
26,14704
30,14906
28,15362
28,15526
29,16031
25,16305
25,16483
31,18198
23,18590
34,1256
30,1411
28,1875
29,3187
28,3520
29,4144
29,4438
26,7379
28,8764
30,9181
30,10273
33,11231
29,12235
27,12255
30,13648
29,14877
29,15771
32,15837
30,18329
21,3614
18,4081
18,5000
18,5356
23,6392
21,6591
20,7611
17,10152
24,10946
20,13769
20,16274
21,16820
20,16831
22,16878
22,17198
23,17334
20,17599
15,1388
12,3512
12,4149
16,4490
11,6706
14,9482
15,9696
12,12638
13,13378
11,13797
10,14395
13,16062
11,16769
16,16849
14,19837
17,19963
29,1462
28,2973
27,3718
27,4731
31,6852
29,7603
28,8956
29,9369
29,10086
26,10179
30,10522
26,11151
26,12275
31,12921
31,14460
31,15174
31,17004
30,19681
24,1823
27,3050
27,3069
29,3793
31,4383
28,4987
28,5345
26,5367
26,6016
29,8063
30,9390
28,10511
25,11426
27,12383
32,12386
30,13759
27,15282
30,19792
13,1292
20,1448
18,1762
19,1966
20,3968
18,4613
17,5451
16,7023
20,9162
21,9533
21,12878
17,14418
20,15001
17,15709
25,15860
21,17961
20,18352
16,18694
25,1294
25,1634
25,2458
24,2831
26,3516
25,3741
22,4215
29,6924
27,8201
26,8689
24,8791
29,8809
30,8875
25,9228
24,10220
25,10713
26,11669
25,13136
26,13958
28,15492
24,16005
25,17875
30,18974
24,19584
24,19919
25,1298
24,1445
25,2213
20,4427
23,4813
27,7468
23,9732
25,10218
25,11513
25,11742
21,12580
26,12736
23,15584
22,17752
25,18535
26,18752
23,19544
10,2270
15,5503
9,6251
16,6283
16,6311
9,7267
11,8315
9,9922
8,10695
15,12435
12,12532
11,12817
15,13606
7,17082
11,17552
10,17744
12,19412
20,1310
20,2542
17,5390
16,5854
20,6151
15,6907
20,7089
16,9308
17,9604
22,13037
21,13951
20,16824
16,17694
18,17977
20,18454
29,1409
32,2222
31,3232
29,4866
27,5899
27,7291
32,7593
29,10299
26,13842
30,14112
30,15082
23,17006
29,19218
17,1819
17,2267
12,2827
15,3165
14,4678
17,6011
12,6406
14,6761
11,7076
14,7322
10,9110
13,10002
12,11123
16,11964
13,12943
15,15774
15,15980
17,17688
14,18061
15,18144
14,18519
15,19672
17,1318
19,2014
22,2430
22,5079
19,5211
23,8927
22,9712
23,11070
20,11575
19,11861
22,13013
21,13216
25,13491
16,13750
22,16356
22,16488
22,16658
20,16843
24,17579
24,18646
20,19821
29,2715
33,4751
34,5361
33,6661
31,9295
32,9654
34,11196
34,12762
34,14194
33,15570
31,15796
31,16041
30,16253
33,17240
33,17438
29,18321
30,18472
21,1842
27,3033
25,3913
23,6105
24,9065
24,10418
23,10435
25,11378
25,11495
24,11770
22,11873
21,13358
22,17682
22,17701
24,18480
23,19435
15,1333
15,2829
15,4882
14,5474
14,9698
16,10127
14,10463
14,11724
14,14714
17,18704
11,18954
15,2218
16,3003
16,3892
13,5372
16,5824
16,6794
13,9114
13,9524
18,10520
12,14874
17,14968
14,15287
14,18457
25,1340
22,5493
28,6785
24,7110
27,7261
26,8224
23,8872
24,8922
27,10227
23,10344
27,11001
26,11832
23,14595
24,16025
33,1353
32,1598
32,2325
31,4974
34,8203
34,9184
33,9503
34,9594
29,9852
33,10689
30,11334
34,11728
35,12301
31,12851
31,13492
34,15786
30,15832
30,16500
30,17618
34,18312
33,19294
21,1451
17,4329
17,6008
21,8060
17,9741
21,10930
18,11475
20,11776
22,13514
19,14158
23,14186
18,15942
20,17028
21,17437
17,18072
19,19468
17,1583
23,2992
15,4206
15,4222
16,5230
19,5915
21,6486
19,6696
19,7106
18,7462
18,9968
16,10360
19,10956
19,14188
21,14562
21,17697
20,19338
25,2226
19,3389
25,4876
22,5094
22,8409
25,8850
22,10162
20,11029
19,15620
27,1374
22,2081
23,3119
25,3521
22,4543
20,5015
23,5680
26,6079
26,7341
24,7358
25,7862
25,8246
27,8523
23,8603
27,8804
26,9202
28,9648
21,10198
23,12437
23,12471
21,13007
21,14437
20,14532
17,15413
26,17598
21,18169
26,19848
21,1377
21,1978
19,2240
22,3299
18,3704
19,4009
22,5271
18,6428
21,7015
17,7711
17,8926
19,9157
17,11246
17,11464
16,15466
21,16090
19,16342
20,16644
19,16684
19,18290
19,18419
25,1378
23,1493
21,1874
22,2920
21,3478
22,4147
22,10451
20,11666
22,14580
24,15149
23,17519
20,17607
23,18570
14,2570
19,7777
15,9744
12,10361
12,11492
16,13406
15,16754
19,18191
28,3352
22,3925
27,6674
29,6913
29,8023
31,8394
29,9518
24,13535
30,15181
29,18797
25,1422
26,2087
30,2461
24,2549
29,5096
28,5570
31,6186
28,6790
26,7223
28,8112
24,8119
26,13736
25,15829
26,18067
24,1424
24,1513
21,2083
22,2224
26,2247
24,3235
26,3907
21,5013
20,5658
26,8503
20,8531
20,11841
24,12770
22,13414
23,14385
25,15333
23,15363
22,19256
28,19375
25,19850
30,1431
28,1968
30,4367
28,6480
26,6740
25,7390
28,9247
25,9319
28,9875
26,10144
27,12585
26,13520
25,13970
26,14764
26,15129
27,15681
24,16002
26,1437
27,4745
24,5283
24,5726
27,7986
23,8530
23,8948
23,12060
23,12732
25,12869
24,14221
28,14880
25,15194
28,15585
27,16262
25,17093
22,1469
20,3454
22,4512
24,5105
19,5777
20,6802
21,7619
21,7692
20,7911
23,9936
24,9969
22,11948
19,12066
20,13827
23,14011
26,14832
23,15758
22,15890
20,17329
21,19388
23,19895
21,3281
26,4773
26,5713
27,5889
27,6509
23,6891
22,7203
27,7235
25,7891
25,9306
23,9621
28,10581
24,13181
26,14498
28,15210
25,16787
25,17876
28,17893
28,18866
22,19123
21,19146
26,19817
20,1504
21,2408
15,6308
17,7681
24,8941
23,9117
17,9951
19,10282
18,10365
18,10594
21,12166
25,12677
24,13710
23,13977
21,14127
21,14783
24,15395
23,16373
20,16986
19,17289
19,17294
21,17421
19,18193
22,18267
24,1569
25,4575
22,5191
24,8407
27,9629
21,10629
24,11363
21,12808
23,13622
24,15799
23,16961
25,1691
27,2988
23,3688
23,3764
23,7842
25,8281
27,11358
24,11712
24,12756
24,13428
22,13485
27,14049
23,15145
21,15732
25,15900
26,18902
27,19486
21,1575
24,2020
19,3195
21,3407
21,3525
23,3944
20,6945
21,8245
18,9223
22,9631
18,10517
18,11059
23,13567
24,14082
21,14196
19,17263
19,17873
25,17900
26,1550
25,4413
26,5554
26,6143
26,6690
27,7765
22,8284
24,10782
23,11166
26,13972
26,15345
28,16232
25,16764
23,18341
26,18416
24,18658
26,1565
28,2927
25,4957
31,5592
31,6029
31,7137
29,8090
32,8497
27,12318
26,14506
29,15750
29,17534
17,1576
16,4453
17,5109
18,5185
19,6748
18,7743
14,8395
19,8714
18,9317
20,9839
19,10592
18,12010
16,15301
17,16686
18,17455
18,19075
16,19178
18,19706
18,19784
19,19943
33,1588
30,2591
33,2885
29,3572
31,4074
31,4345
31,5346
31,6614
35,7675
29,7828
29,10540
31,10971
31,11660
34,14576
30,15234
32,15967
33,17114
32,17799
32,19093
27,1591
28,2421
23,2874
26,3542
29,4564
27,5327
21,9825
24,12022
26,12143
28,13577
27,13709
26,15250
30,15569
24,15975
28,18207
15,1599
15,2521
13,3326
20,3392
13,5424
16,6766
16,7985
15,8708
13,9004
15,9810
17,10022
18,10748
17,11263
15,15815
15,17783
17,19298
15,19955
19,1640
17,2235
15,3792
20,3881
23,3976
18,5086
19,5344
18,5546
21,7197
18,9111
17,9234
23,9565
17,11961
18,13227
20,14087
21,15249
19,15351
22,16130
16,17058
21,18507
30,1642
25,5568
31,5685
26,6836
30,7313
31,7316
29,7913
28,9618
32,11441
29,14648
29,14774
30,15062
29,15339
32,16106
31,16549
26,17099
30,17882
30,19976
31,3104
26,4566
34,4744
32,6337
29,7288
32,8338
31,9333
32,10869
32,10908
27,11018
32,13363
32,14047
33,14809
29,15765
30,18129
28,19917
20,2840
21,3087
25,4259
24,4886
21,6672
22,6800
20,8527
23,8718
20,9303
24,11720
24,13017
24,14920
21,15985
25,19673
22,4642
21,6765
25,11631
20,12213
22,12367
24,12652
19,12992
23,13565
26,13988
23,14298
26,14892
20,15186
22,18611
23,1698
26,1890
22,2204
25,4759
27,6383
25,9118
23,10847
17,12329
20,13145
20,16143
23,16481
26,18243
27,1708
30,3609
28,4220
28,4709
29,6855
23,7416
26,7965
30,8937
28,10538
29,12645
28,14599
25,14929
29,15169
28,15265
30,15562
30,15830
26,15981
25,16730
27,16863
26,17527
28,18558
31,19543
14,1715
13,1857
14,2307
15,2640
17,2786
14,3985
19,9076
15,9478
13,11340
13,12020
16,12319
14,13511
16,15132
18,15726
17,18306
13,19404
16,19663
33,1754
35,3293
32,4966
32,5201
29,6102
28,7144
33,7559
32,9567
27,10607
32,10898
29,11579
29,12240
26,14151
30,14866
33,15142
32,15439
29,15659
31,16913
29,17256
30,17479
28,18161
31,18378
33,19341
24,1757
26,2388
23,3587
21,4525
19,6319
26,6403
23,6746
23,9071
20,9925
19,10358
23,11431
25,12395
17,3300
19,3638
20,4660
21,5095
23,5220
21,7253
18,7734
16,7787
19,7836
23,7928
17,8254
14,8649
18,9283
19,9474
21,11754
19,12805
18,15432
20,16688
20,19055
15,19866
17,1990
17,3600
18,3759
21,4195
20,4489
19,5162
19,5971
16,6338
20,9038
21,11552
21,12157
18,13717
16,16467
23,16622
16,18381
28,4244
29,5517
32,6971
32,9034
31,9543
33,9686
31,9737
30,11172
30,11508
29,11892
30,11907
29,14932
32,16085
30,17414
33,17736
20,1798
22,2181
18,2613
19,4132
21,7686
23,8227
17,8693
20,9236
16,10335
20,12104
23,12731
16,14895
21,15399
20,15449
19,17383
19,17562
19,17689
22,17826
19,19938
24,1927
27,2697
24,4470
29,5373
27,5746
24,6860
21,7206
25,7509
21,7714
26,8357
24,9553
23,10045
27,12307
23,12642
27,15079
22,16965
15,2562
15,3098
15,3199
14,4572
14,5675
12,6769
12,6872
13,7555
17,8006
15,8306
14,9329
14,11227
13,12097
15,13022
12,13655
12,13789
16,13854
14,15158
15,15222
12,16620
14,16784
12,18446
10,19184
21,2030
18,2518
19,2764
20,4148
20,5628
22,6399
20,8012
19,8630
19,8771
21,10819
19,10923
22,11228
20,18064
22,4166
21,4692
23,4938
26,7055
22,9012
24,9139
24,12232
24,12262
21,12686
24,12699
26,12857
21,14017
21,14552
22,15027
24,16048
24,17898
14,1903
13,6138
16,7107
16,7736
14,7892
19,8857
13,9823
13,11690
17,12738
15,13361
18,13467
15,15377
14,15539
16,18517
16,19347
12,1865
13,2140
11,2442
12,2946
10,3321
12,4219
15,5226
12,7099
12,7123
13,8138
11,8558
14,9991
14,11368
13,12107
14,12310
9,12365
15,12673
9,15785
11,18751
13,18968
13,1870
14,2131
13,2808
10,2971
10,3579
11,3999
9,4119
11,4750
14,5829
8,6241
12,6405
6,9557
11,10639
12,12148
13,12653
10,17111
10,18277
32,3371
27,4099
29,6593
30,12874
29,14344
32,16675
31,17748
29,18158
30,18221
29,18705
24,4238
26,5229
24,5395
24,9276
25,9767
24,9855
27,12334
24,13763
26,14148
22,16352
21,17905
21,19148
24,19968
27,2249
24,2928
24,4854
24,5051
22,5987
23,7623
24,8008
25,8504
24,9277
20,9419
24,9655
21,13833
21,15243
24,15436
25,18200
26,19158
31,3011
32,3746
34,4115
32,5877
35,8242
32,11483
27,12026
33,12277
29,13384
30,14914
31,15408
32,16674
32,17984
30,18525
26,1902
25,2098
25,4554
21,4910
25,5589
23,5957
22,6207
22,6464
27,7219
24,7583
23,11156
24,11718
23,11955
23,14923
28,15486
22,16990
12,1922
16,4498
16,5115
17,9425
16,10371
16,10939
12,13604
11,14831
15,15048
12,15905
17,17335
16,17759
16,19447
31,1933
29,3806
27,4137
32,4848
30,4977
27,5733
29,7895
29,9362
28,9841
32,9948
29,10761
26,11462
28,11878
26,12701
28,14439
28,14875
27,15360
27,15520
27,17789
27,18268
32,18512
21,2302
19,2339
18,2543
22,3210
21,4057
21,5278
20,7860
21,8352
24,10230
20,10815
22,12631
19,14091
19,14558
25,15005
22,15253
20,15746
18,16360
19,16441
22,17581
25,17994
31,2976
33,3462
36,6950
32,7226
34,8605
35,10680
34,11002
32,11144
35,11148
30,11984
31,12028
33,12836
32,14006
32,16829
31,17039
35,17430
22,3973
24,4578
24,5127
25,7459
22,8154
19,10107
23,11075
23,11258
22,13930
22,15343
24,17165
22,17340
23,18653
20,2008
22,3279
21,3442
18,3699
21,7207
21,7659
21,8133
21,8912
24,10301
21,10619
16,11147
19,11233
20,12086
21,12287
24,12796
20,12811
21,13046
24,13150
18,13865
19,15214
16,15417
19,15572
20,15588
23,16055
21,16545
19,17761
24,18895
21,19694
21,19826
33,3626
33,4240
33,4366
31,5322
33,5810
31,6264
32,7688
33,7926
32,8057
34,8382
34,10535
35,14455
33,14730
33,14805
31,15034
30,16979
31,17207
31,18079
33,18252
34,18316
31,18727
33,19174
19,2544
24,3349
23,3992
20,4032
23,4337
22,4384
23,8231
25,8248
23,12092
20,12997
20,13586
24,14509
19,16280
19,17563
11,3424
10,4523
6,5209
5,6459
7,6744
10,7111
9,8156
9,9750
9,10949
13,11348
4,12254
11,12908
7,14600
5,15359
10,16902
10,17393
8,17476
10,17721
7,19738
11,19863
9,19942
23,2770
28,3772
25,8600
24,9899
22,10133
24,15180
24,16347
23,17106
28,18387
26,18459
14,2106
15,2918
11,3045
11,3180
9,5837
14,7454
10,8533
14,8633
12,8782
14,11664
13,18929
12,19685
24,2154
25,3723
24,4117
26,4846
30,4998
28,5147
26,5343
23,5590
28,6967
26,6981
25,10615
27,10779
27,11060
23,11654
25,12674
23,13023
24,13451
25,14330
28,14949
24,16378
24,16586
22,16597
25,16744
24,17369
24,17996
25,18396
17,2149
15,2996
12,5003
11,5439
18,6120
13,8590
16,11373
16,11674
17,11708
18,12236
15,13764
17,15022
17,15707
17,16284
19,16742
12,17225
14,17681
14,18896
19,2201
14,5032
14,5457
16,7389
12,9563
16,10262
18,13092
10,14153
14,14807
13,15007
12,15534
14,15882
16,17196
20,2203
14,3257
17,9435
21,10963
21,11361
15,12238
16,12899
21,16220
18,17377
19,18561
17,18936
19,19886
17,2217
17,3750
15,4296
17,4983
14,5254
16,10559
15,13333
19,14152
19,14245
17,15109
19,15224
16,16071
16,16306
12,17454
15,18664
19,2259
18,2792
17,3216
20,7482
17,12417
17,14122
19,14269
19,14489
21,14722
18,14769
17,14819
17,15531
20,15557
19,18460
16,18851
24,2294
26,2393
23,2888
23,3495
24,4631
23,5928
24,7506
25,8252
26,10621
25,10991
27,11053
25,12340
26,12953
22,13495
25,13585
24,14901
25,15528
25,18094
23,19743
21,2318
25,5295
26,6073
22,6339
26,6747
23,6947
26,8576
27,10794
25,11287
28,15515
23,15610
28,17608
22,2319
18,4052
20,5231
23,5468
22,6468
22,6895
17,8030
21,8901
20,12159
16,12476
20,13571
21,14873
21,15317
22,15350
23,15805
20,16466
21,17262
18,18634
24,19303
12,3327
14,3590
16,4151
10,4870
16,5250
17,7382
13,8805
12,8910
15,10062
14,10207
12,11939
10,13910
11,14342
16,15126
16,15361
13,15734
17,16939
8,18209
16,19688
29,4066
28,4475
30,6868
29,6899
30,7601
32,8026
27,8583
26,11132
30,13971
30,14051
26,15218
23,16694
28,19002
30,19481
32,2555
29,3101
27,3544
28,5702
32,5778
32,6198
34,7030
32,9706
29,10652
32,10727
29,10918
29,11687
31,13245
31,13307
28,13419
31,15506
32,18004
34,18767
31,19021
29,19236
28,2607
25,5206
22,5803
25,10858
19,11327
27,11584
20,12428
25,14003
21,15747
23,15962
22,16361
27,16770
27,16841
25,17570
23,19000
14,2619
18,3385
19,6898
18,7919
17,7944
11,8326
12,8898
12,10454
14,11427
14,12273
14,13203
13,13859
16,14242
14,14632
14,15252
17,15924
19,18131
11,18903
18,18941
25,2677
25,3466
22,3939
22,6231
25,7251
21,7832
25,8699
23,9614
21,14345
26,14374
24,17950
21,19371
25,2823
23,4159
26,4234
21,6088
24,6530
21,6583
24,7879
23,8318
24,8410
28,9090
24,9206
23,11622
27,14126
24,14392
25,15886
23,16155
25,16860
24,17045
29,17222
22,17828
28,18784
27,19234
27,19386
26,19864
24,19964
16,2890
14,3054
11,4435
15,5743
13,5806
19,6089
14,7440
15,8595
16,8698
15,9150
18,11844
13,12959
11,13425
10,14251
16,15141
19,15706
16,16736
15,17362
15,18106
15,18324
16,19037
18,3650
16,4929
18,6693
15,10300
16,10443
18,10855
18,11424
19,15075
16,15488
14,15672
14,17302
17,18359
16,19290
25,2951
24,3217
26,3996
26,5293
27,5342
27,6584
25,6951
29,7694
29,8210
26,8906
24,9381
26,10437
24,15076
27,15676
25,18391
25,19355
23,4075
24,4875
25,5428
26,6682
21,8258
26,12062
25,14009
24,14912
26,15631
25,18178
22,18864
26,3377
28,3491
27,4191
27,5459
26,7547
31,8993
29,9890
25,10225
24,13164
25,14071
25,16176
31,3084
32,6329
32,6601
31,6701
30,7073
30,7596
29,8325
29,9840
33,11629
31,12865
32,13108
30,14103
30,15344
30,19778
19,5251
16,5775
17,6293
14,9477
19,13402
19,13644
17,13880
14,15819
21,17062
17,17356
20,3869
20,5012
16,5059
20,7907
19,8120
21,9235
21,10072
19,11319
23,11419
19,12578
18,16465
21,16957
20,17845
16,18305
21,18666
21,19272
19,19321
13,3212
14,5103
14,6561
16,6628
20,6931
15,7228
16,7620
16,8878
17,8988
16,10514
19,10636
17,12822
19,15977
17,16429
21,17450
22,18973
27,6123
28,7311
29,7338
29,8177
28,9920
27,9994
29,10389
26,11911
23,12792
28,13166
28,18133
27,18522
27,19308
20,3448
21,3507
20,4358
23,5193
22,6725
22,9509
21,9768
17,11990
21,13985
18,15190
17,17946
18,3703
23,4935
18,9289
16,10676
21,11173
22,11602
20,11774
23,12837
21,12993
22,13256
19,14377
20,15111
20,16095
19,18462
18,19561
24,3839
29,4675
23,5720
25,8556
24,8968
24,12803
23,13091
27,13946
24,14478
27,14517
24,15347
25,16955
11,4650
13,5110
9,6833
12,7388
10,7607
13,8199
12,9262
9,11095
13,12103
12,12729
11,13016
13,13241
17,13373
11,13396
10,14019
12,15855
13,16169
14,16468
15,16971
14,17013
15,18543
